detention_facility_code,detention_facility_name,address,city,county,state,zip,aor,latitude,longitude,type_detailed,type_grouped
AAORDMD,Ordnance Road Correctional Center,600 E. Ordnance Road,Glen Burnie,Anne Arundel,MD,21226,Baltimore,39.199609,-76.594162,IGSA,Non-Dedicated
ABIRJVA,B.R.R.J. Abingdon,15205 Joe Derting Drive,Abingdon,Washington,VA,24210,Washington,36.73244,-81.911639,Unknown,Other/Unknown
ABQHOLD,Albuquerque Hold Room,1720 Randolph Road,Albuquerque,Bernalillo,NM,87106,El Paso,35.052255,-106.627035,Hold,Hold/Staging
ABRMCTX,Abilene Regional Med Ctr,6250 Us-83,Abilene,Taylor,TX,79606,Dallas,32.375011,-99.74385,Hospital,Medical
ABRXSPA,Abraxas Academy Detention Center,1000 Academy Drive,Morgantown,Berks,PA,19543,Philadelphia,40.191778,-75.915922,Juvenile,Family/Youth
ABTHOLD,Abilene Hold Room,12071 Fm 3522,Abilene,Jones,TX,79601,Dallas,32.570007,-99.678689,Hold,Hold/Staging
ADACOID,Ada County Jail,7210 Barrister Drive,Boise,Ada,ID,83704,Salt Lake City,43.607245,-116.26991,IGSA,Non-Dedicated
ADAIRKY,Adair County Regional Jail,204 Greensburg Street,Columbia,Adair,KY,42728,Chicago,37.103817,-85.306621,Other,Other/Unknown
ADAMSCO,Adams County Jail,1901 E Bridge Street,Brighton,Adams,CO,80601,Denver,39.99129,-104.798297,IGSA,Non-Dedicated
ADAMSMS,Adams County Det Center,20 Hobo Fork Rd.,Natchez,Adams,MS,39120,New Orleans,31.557474,-91.221614,DIGSA,Dedicated
ADAMSWA,Adams County,210 W Braodway,Ritzville,Adams,WA,99169,Seattle,47.127412,-118.38264,IGSA,Non-Dedicated
ADDCOVT,Addison County Jail,35 Court Street,Middlebury,Addison,VT,05753,Boston,44.011503,-73.163648,IGSA,Non-Dedicated
ADLNTCA,Adelanto ICE Processing Center,10250 Rancho Road,Adelanto,San Bernardino,CA,92301,Los Angeles,34.559101,-117.441495,CDF,Dedicated
ADVHBCA,Adventist Health Bakersfield,2615 Chester Avenue,Bakersfield,Kern,CA,93301,San Francisco,35.384314,-119.019452,Hospital,Medical
ADVHDCA,Adventist Health Delano,1401 Garces Highway,Delano,Kern,CA,93215,San Francisco,35.762285,-119.239252,Hospital,Medical
AFRC,Artesia Family Residential Center,1300 W. Richey Avenue,Artesia,Eddy,NM,88210,El Paso,32.847986,-104.410726,Family,Family/Youth
AGAHOLD,Agana INS,108 Herman Cortez Ave,Hagatna,Guam,GU,96910,San Francisco,13.476095,144.750006,Hold,Hold/Staging
AGC,Aguadilla SPC,505 Corner Belt And Gun St.,Aguadilla,Aguadilla,PR,00603,Miami,18.429588,-67.15411,Hold,Hold/Staging
AGMDCCA,Anaheim Global Medical Center,1025 S Anaheim Blvd,Anaheim,Orange,CA,92805,Los Angeles,33.819785,-117.909411,Hospital,Medical
AIRHOPR,"Airport Hotel, Saj.",Luis Munoz Marin International Airport,Isla Verde,Carolina,PR,00913,Miami,18.439504,-65.999228,Hotel,Hotel
AKANVIL,"Anvil Mountain Cc, Nome,",1810 Center Creek Road,Nome,Nome Census Area,AK,99762,Seattle,64.537208,-165.412569,Unknown,Non-Dedicated
AKCOOKI,"Cook Inlet Pretrial, Anch",1300 E 4th Avenue,Anchorage,Anchorage,AK,99501,Seattle,61.218438,-149.857592,IGSA,Non-Dedicated
AKFAIRB,Fairbanks Corr Ctr,1931 Eagan Street,Fairbanks,Fairbanks North Star,AK,99701,Seattle,64.833337,-147.759152,IGSA,Non-Dedicated
AKGSCCC,Goose Creek Correctional Center,22301 Alsop Rd,Wasilla,Matanuska-Susitna,AK,99654,Seattle,61.359793,-150.007999,Unknown,Other/Unknown
AKHIGHL,Highland Mtn Cor Ctr,9101 Hesterberg Road,Eagle River,Anchorage,AK,99577,Seattle,61.303073,-149.57897,USMS IGA,Federal
AKKETCH,Ketchikan Regional CC,1201 Schoenbar Road,Ketchikan,Ketchikan Gateway,AK,99901,Seattle,55.348281,-131.649441,IGSA,Non-Dedicated
AKLEMON,"Lemon Creek, Juneau,AK",2000 Lemon Creek Road,Juneau,City And Borough Of Juneau,AK,99801,Seattle,58.362625,-134.484377,USMS IGA,Federal
AKMATSU,"Matsu Pretrial, Palmer AK",339 E. Dogwood,Palmer,Matanuska-Susitna,AK,99645,Seattle,61.602314,-149.109486,IGSA,Non-Dedicated
AKMCYOU,McLaughlin Youth Center,2600 Providence Dr,Anchorage,Anchorage,AK,99508,Seattle,61.187628,-149.831331,Juvenile,Family/Youth
AKPALMC,Palmer Correctional Cente,Mile 58 Glenn Highway,Palmer,Matanuska-Susitna,AK,99645,Seattle,61.691417,-149.007972,IGSA,Non-Dedicated
AKPSYNJ,Anne Klein Phsychiatric Institute,Sullivan Way,W. Trenton,Mercer,NJ,08628,Newark,40.250498,-74.813832,Hospital,Medical
AKWILCC,Wildwood State Corr. Ctr.,#10 Chugach Avenue,Kenai,Kenai Peninsula,AK,99611,Seattle,60.584234,-151.300052,IGSA,Non-Dedicated
AKWILPT,Wildwood Pre-Trial Fac.,5 Chugach Avenue,Kenai,Kenai Peninsula,AK,99611,Seattle,60.583959,-151.300046,IGSA,Non-Dedicated
ALAMCNC,Alamance Co. Det. Facility,109 South Maple Street,Graham,Alamance,NC,27253,Atlanta,36.068326,-79.403567,IGSA,Non-Dedicated
ALAMOCO,Alamosa County Jail,1315 17th Street,Alamosa,Alamosa,CO,81101,Denver,37.455331,-105.87605,Unknown,Other/Unknown
ALAMOTX,Alamo Police Dept.,840 W Austin St,Alamo ,Hidalgo,TX,78516,Harlingen,26.181521,-98.119131,Unknown,Other/Unknown
ALBCONY,Albany County Jail,840 Albany Shaker Road,Albany,Albany,NY,12211,Buffalo,42.751245,-73.815807,USMS IGA,Federal
ALBEMVA,Albemarle-Charlottesville,160 Peregory Ln,Charlottesville,Albemarle,VA,22901,Washington,38.006142,-78.494643,IGSA,Non-Dedicated
ALBHOLD,Albany Holdroom,1086 Troy-Schenectady Rd,Latham,Albany,NY,12110,Buffalo,42.765303,-73.812165,Hold,Hold/Staging
ALESSAZ,Stes On Scottsdale Casa De Alegria,,Scottsdale,Maricopa,AZ,00nan,Phoenix,33.494876,-111.921673,Family Staging,Family/Youth
ALEXAAL,Alexandria City Jail,2003 Mill Road,Alexandria,Alexandria City,VA,22314,Washington,38.798187,-77.064888,Unknown,Other/Unknown
ALEXAVA,Alexandria City Jail,2003 Mill Road,Alexandria,Alexandria City,VA,22314,Washington,38.798187,-77.064888,USMS IGA,Federal
ALHAMCA,Alhambra City Jail,211 S. First St.,Alhambra,Los Angeles,CA,91801,Los Angeles,34.091977,-118.126702,USMS IGA,Federal
ALLEGNY,Allegany County Jail,4884 State Route 19,Belmont,Allegany,NY,14813,Buffalo,42.212651,-78.016774,IGSA,Non-Dedicated
ALLEGPA,Allegheny Co. Jail,950 Second Avenue,Pittsburgh,Allegheny,PA,15219,Philadelphia,40.434556,-79.993762,USMS IGA,Federal
ALLEGVA,Alleghany County Jail,268 West Main Street,Covington,Alleghany,VA,24426,Washington,37.79255,-79.995811,,Non-Dedicated
ALLENIN,Allen County Jail,417 S. Calhoun,Ft. Wayne,Allen,IN,46802,Chicago,41.082986,-85.140628,USMS IGA,Federal
ALMHOLD,Alamosa Holdroom,1921 State Street,Alamosa,Alamosa,CO,81101,Denver,37.469449,-105.870021,Hold,Hold/Staging
AMHERVA,Amherst County Jail,219 S Riverview Road,Madison Heights,Amherst,VA,24572,Washington,37.408574,-79.093731,,Non-Dedicated
AMTHOLD,Amarillo Hold Room,8601 E. Amarillo Blvd,Amarillo,Potter,TX,79108,Dallas,35.225356,-101.740795,Hold,Hold/Staging
ANCHOAK,Anchorage Jail,1400 E. 4th Ave,Anchorage,Anchorage,AK,99501,Seattle,61.218504,-149.857354,USMS IGA,Federal
ANCHOLD,Anchorage Sub-Office Hold Room,,Anchorage,Anchorage,AK,00nan,Seattle,61.217576,-149.899678,Hold,Hold/Staging
ANDERSC,Anderson County Det Center,1009 David Lee Coffee Pl Rd,Anderson,Anderson,SC,29625,Atlanta,34.533678,-82.683223,Other,Other/Unknown
ANDRWTX,Andrews Sherrif's Office Co Jail,201 N. Main,Andrews,Andrews,TX,79714,El Paso,32.309391,-102.532484,Other,Other/Unknown
ANJUVMN,Anoka Co. Juvenile Center,7555 4th Avenue,Lino Lakes,Anoka,MN,55014,St. Paul,45.181173,-93.12384,Juvenile,Family/Youth
ANSGHTX,Anson General Hospital,101 Avenue J,Anson,Jones,TX,79501,Dallas,32.768116,-99.895035,Hospital,Medical
ANWHMMN,Abbott Northwestern Hosp,800 E 28th Street,Minneapolis,Hennepin,MN,55407,St. Paul,44.953747,-93.261861,Hospital,Medical
APACHAZ,Apache Co. Jail,370 South Washington St,St Johns,Apache,AZ,85936,Phoenix,34.501861,-109.36492,USMS IGA,Federal
APIBHCA,Alvarado Parkway Institute,7050 Parkway Dr,La Mesa,San Diego,CA,91942,San Diego,32.774475,-117.04404,Hospital,Medical
APPSCLA,Allen Parish Public Safety Complex,7340 Highway 26 West,Oberlin,Allen,LA,70655,New Orleans,30.623582,-92.78266,IGSA,Non-Dedicated
ARAPACO,Arapahoe County Jail,3686 South Court Place,Littleton,Arapahoe,CO,80120,Denver,39.615073,-105.012356,IGSA,Non-Dedicated
ARLCOVA,Arlington Co Jail,1435 North Courthouse Road,Arlington,Arlington,VA,22201,Washington,38.890544,-77.08336,USMS IGA,Federal
AROOSME,Aroostook County Jail,15 Broadway,Houlton,Aroostook,ME,04730,Boston,46.124803,-67.838746,USMS IGA,Federal
ARRMCCA,Arrowhead Regional Med Center,400 N. Pepper Avenue,Colton,San Bernardino,CA,92324,Los Angeles,34.074111,-117.351169,Hospital,Medical
ARTESNM,Artesia City Jail,702 West Chisum,Artesia,Eddy,NM,88210,El Paso,32.844784,-104.405177,Other,Other/Unknown
ARTSINM,Artesia Law Enforcement Center,1793 N 13Th St,Artesia ,Eddy,NM,88210,El Paso,32.858367,-104.418588,Unknown,Other/Unknown
ASHECNC,Ashe County Jail,140 Government Circle,Jefferson,Ashe,NC,28640,Atlanta,36.418782,-81.460255,Unknown,Other/Unknown
ASHRSFL,Atlantic Shores Hospital,4545 North Federal Highway,Fort Lauderdale,Broward,FL,33308,Miami,26.184602,-80.118748,Hospital,Medical
ASWHRTX,Ascension Seton Williams Hosp,201 Seton Parkway,Round Rock,Williamson,TX,78665,San Antonio,30.56681,-97.651207,Hospital,Medical
ATLANGA,Atlanta Pretrial Detn Ctr,254 Peachtree Street Southwest,Atlanta,Fulton,GA,30303,Atlanta,33.763064,-84.386906,USMS IGA,Federal
ATLHOLD,Atlanta Dist. Hold Rm,"77 Forsyth St., SW.",Atlanta,Fulton,GA,30303,Atlanta,33.752812,-84.394488,Hold,Hold/Staging
ATTHOLD,"Athens, TX Hold Room",109 W Corsicana Street,Athens,Henderson,TX,75751,Dallas,32.203586,-95.85585,Hold,Hold/Staging
AURORCO,Aurora City Jail,1500 East Alameda Drive,Aurora,Arapahoe,CO,80017,Denver,39.709526,-104.795974,IGSA,Non-Dedicated
AUSHOLD,Austin DRO Hold Room,300 East 8th Street,Austin,Travis,TX,78701,San Antonio,30.269716,-97.739709,Hold,Hold/Staging
AVPARLA,Avoyelles Parish Prison,675 Government Street,Marksville,Avoyelles,LA,71351,New Orleans,31.115319,-92.066659,IGSA,Non-Dedicated
AZDCTUC,AZ Dpt Corrections Tucson,10000 South Wilmot,Tucson,Pima,AZ,85734,Phoenix,32.06619,-110.860661,IGSA,Non-Dedicated
AZSPFLO,Arizona State Prison Comp,1305 E Butte Ave,Florence,Pinal,AZ,85132,Phoenix,33.028593,-111.373096,Unknown,Other/Unknown
AZSPPER,Perryville State Prison,2105 North Citrus Rd,Goodyear,Maricopa,AZ,85395,Phoenix,33.47101,-112.442243,IGSA,Non-Dedicated
AZSVCPC,Arizona Service Prison Complex,2500 E Van Buren St,Phoenix,Maricopa,AZ,85008,Phoenix,33.455393,-112.028703,Unknown,Other/Unknown
BAILECA,George Bailey Detent Faci,446 Alta Rd,San Diego,San Diego,CA,92158,San Diego,32.5905,-116.921454,IGSA,Non-Dedicated
BAKERFL,Baker County Sheriff Dept.,1 Sheriff Office Drive,Macclenny,Baker,FL,32063,Miami,30.295968,-82.12173,IGSA,Non-Dedicated
BALDWAL,Baldwin County Cor. Center,200 Hand Ave.,Bay Minette,Baldwin,AL,36507,New Orleans,30.885296,-87.774794,USMS IGA,Federal
BALHOLD,Bal D D & P,1530 Caton Center Drive,Baltimore,Baltimore,MD,21227,Baltimore,39.255389,-76.680942,Hold,Hold/Staging
BANNOID,Bannock County Jail,5800 South 5th Ave,Pocatello,Bannock,ID,83204,Salt Lake City,42.824826,-112.389368,USMS IGA,Federal
BARNSMA,Barnstable County,"Route 6 Courthouse Complex, Box 397",Barnstable,Barnstable,MA,02630,Boston,41.70032,-70.303038,IGSA,Non-Dedicated
BARRECA,Barrett Honor Camp,21077 Lyons Valley Road,Alpine,San Diego,CA,91901,San Diego,32.718009,-116.676634,Juvenile,Family/Youth
BARTOGA,Bartow Co Jail,104 Zena Dr,Cartersville,Bartow,GA,30121,Atlanta,34.191284,-84.777504,Unknown,Other/Unknown
BASCOTX,Bastrop County Jail,200 Jackson Street,,Bastrop,TX,78602,San Antonio,30.101591,-97.308626,,Non-Dedicated
BASILLA,Basile Detention Center,3843 Stagg Avenue,Basile,Evangeline,LA,70515,New Orleans,30.487068,-92.581813,DIGSA,Dedicated
BAYAMPR,Bayamon Hospital,100 Laurel Avenue,Bayamon,Bayamon,PR,00956,Miami,18.372118,-66.171228,Hospital,Medical
BAYCOFL,Bay County,5700 Star Lane,Panama City,Bay,FL,32404,Miami,30.227229,-85.561969,Unknown,Other/Unknown
BBCHPMI,Bronson Battle Creek Hosp,300 North Ave.,Battle Creek,Calhoun,MI,49017,Detroit,42.331116,-85.177847,Hospital,Medical
BCORCPA,Berks County Residential Center,1040 Berks Road,Leesport,Berks,PA,19533,Philadelphia,40.379395,-76.016112,DIGSA,Dedicated
BEAVRPA,Beaver County Jail,6000 Woodlawn Boulevard,Aliquippa,Beaver,PA,15001,Philadelphia,40.645974,-80.242064,USMS IGA,Federal
BEDCITX,Bedford City Jail,2121 L Don Dodson Drive,Bedford,Tarrant,TX,76021,Dallas,32.842084,-97.131335,IGSA,Non-Dedicated
BEDFOOH,Bedford Heights City,5661 Perkins Road,Bedford Heights,Cuyahoga,OH,44146,Detroit,41.405819,-81.497511,IGSA,Non-Dedicated
BEDFOPA,Bedford County Jail,204 Thomas Street,Bedford,Bedford,PA,15522,Philadelphia,40.017081,-78.505954,IGSA,Non-Dedicated
BEECOTX,Bee County Sheriff,1509 Galloway Dr,Beeville,Bee,TX,78102,Houston,28.404027,-97.729511,,Non-Dedicated
BEFAMPA,Berks County Family Shelter,1040 Berks Road,Leesport,Berks,PA,19533,Philadelphia,40.379325,-76.016228,Family,Family/Youth
BEHOSNY,"Bellevue Hospital, Manhat",462 1st Avenue,New York,New York,NY,10016,New York,40.739686,-73.976204,Hospital,Medical
BEJUVPA,Berks Co. Juvenile,1261 County Welfare Road,Leesport,Berks,PA,19533,Philadelphia,40.382463,-76.017428,Juvenile,Family/Youth
BELCOTX,Bell County Jail,111 W. Central,Belton,Bell,TX,76513,Houston,31.037313,-97.488506,IGSA,Non-Dedicated
BELMOOH,Belmont County Jail,68137 Hammond Road,St Clairsville,Belmont,OH,43950,Detroit,40.076942,-80.964897,Other,Other/Unknown
BENTOWA,Benton County,7320 W. Quinault,Kennewick,Benton,WA,99336,Seattle,46.22169,-119.219007,IGSA,Non-Dedicated
BERGENJ,Bergen County Jail,160 South River Street,Hackensack,Bergen,NJ,07601,Newark,40.873996,-74.039375,USMS IGA,Federal
BERKSPA,"Berks County Jail, PA",1287 County Welfare Road,Leesport,Berks,PA,19533,Philadelphia,40.385014,-76.02022,USMS IGA,Federal
BERNANM,Bernalillo County Det Ctr,415 Roma N.W.,Albuquerque,Bernalillo,NM,87102,El Paso,35.0897,-106.651397,DIGSA,Dedicated
BESECPA,Berks County Secured Juvenile,1261 County Welfare Road,Leesport,Berks,PA,19533,Philadelphia,40.382463,-76.017428,Juvenile,Family/Youth
BFGHITX,"Byrd's Foster Group Home, Inc",5708 Hardy St,Houston,Harris,TX,77009,Houston,29.811685,-95.352454,Juvenile,Family/Youth
BHCALCA,Alhambra BHC Hospital,4619 N Rosemead Blvd.,Rosemead,Los Angeles,CA,91770,Los Angeles,34.088746,-118.073881,Hospital,Medical
BHFLDMI,Bronson Hospital Fieldstone Center,165 N. Washington Avenue,Battle Creek,Calhoun,MI,49037,Detroit,42.329626,-85.191612,Hospital,Medical
BHMHOLD,Birmingham Hold Room,1833 29th Ave S,Homewood,Jefferson,AL,35209,New Orleans,33.479282,-86.789967,Hold,Hold/Staging
BIDHPMA,Beth Israel Deaconess Hosp,330 Brookline Avenue,Boston,Suffolk,MA,02215,Boston,42.339609,-71.105152,Hospital,Medical
BIGHOMT,"Big Horn County Jail, MT",County Courthouse,Hardin,Big Horn,MT,59034,Salt Lake City,45.349657,-107.271577,IGSA,Non-Dedicated
BIGHOWY,"Big Horn County Jail, WY",415 Murphy St,Basin,Big Horn,WY,82410,Denver,44.382037,-108.039487,IGSA,Non-Dedicated
BIINCCO,"BI Incororated, GEO Group Company",3130 North Oakland Street,Aurora,Adams,CO,80010,Denver,39.761432,-104.849098,Unknown,Other/Unknown
BILHOLD,Billings Hold Room,2900 4th Ave North,Billings,Yellowstone,MT,59101,Salt Lake City,45.783612,-108.509573,Hold,Hold/Staging
BIMDCAZ,Banner Ironwood Med Ctr,37000 N Gantzel Rd,Queen Creek,Pinal,AZ,85140,Phoenix,33.214426,-111.565634,Hospital,Medical
BKLHOLD,Bakerfield Hold,800 Truxtun,Bakersfield,Kern,CA,93301,San Francisco,35.373691,-119.011294,Hold,Hold/Staging
BLBNATX,Bluebonnet Det Fclty,400 2nd Street,Anson,Jones,TX,79501,Dallas,32.767005,-99.888054,DIGSA,Dedicated
BLGHOLD,Bowling Green Hold Room,11093 S W Lewis Memorial Dr,Bowling Green,Caroline,VA,22427,Washington,38.111697,-77.267211,Hold,Hold/Staging
BLHHOLD,Bellingham BPS ERO Holdroom,1431 Sunset Ave,Ferndale,Whatcom,WA,98248,Seattle,48.82159,-122.559174,Hold,Hold/Staging
BLOJVTN,Blount County Juvenile Det Cntr,329 COURT ST,Maryville,Blount,TN,37804,New Orleans,35.754608,-83.969292,Juvenile,Family/Youth
BLOUNTN,Blount County Justice Ctr,940 Lamar Alexander Parkway,Maryville,Blount,TN,37801,New Orleans,35.75465,-83.958522,IGSA,Non-Dedicated
BMCSATX,Baptist Medical Center,111 Dallas St,San Antonio,Bexar,TX,78205,San Antonio,29.433489,-98.492361,Hospital,Medical
BNMCTAZ,Banner Medical Ctr Tucson,1625 N Campbell Ave,Tucson,Pima,AZ,85719,Phoenix,32.24293,-110.946201,Hospital,Medical
BOEHOLD,Elp Boeing Dr Holdroom,6451 Boeing Drive,El Paso,El Paso,TX,79925,El Paso,31.805823,-106.370538,Hold,Hold/Staging
BOIHOLD,Boise Hold Room,1185 S. Vinnell Way,Boise,Ada,ID,83709,Salt Lake City,43.594251,-116.287523,Hold,Hold/Staging
BONNEID,Bonneville Co. Jail,605 North Capital,Idaho Falls,Bonneville,ID,83402,Salt Lake City,43.495133,-112.041173,IGSA,Non-Dedicated
BOONEKY,Boone County Jail,3020 Conrad Lane,Burlington,Boone,KY,41005,Chicago,39.036503,-84.728362,USMS IGA,Federal
BOPALM,Allenwood (Med) FCI,2 Us-15,White Deer,Union,PA,17887,Philadelphia,41.127492,-76.921938,BOP,Federal
BOPATL,Atlanta U.S. Pen.,601 McDonough Blvd SE,Atlanta,Dekalb,GA,30315,Atlanta,33.710283,-84.3681,BOP,Federal
BOPBER,FCI Berlin,1 Success Loop Road,Berlin,Coos,NH,03570,Boston,44.520926,-71.137769,BOP,Federal
BOPBRO,Brooklyn MDC,100 29th Street,Brooklyn,Kings,NY,11232,New York,40.66011,-74.004313,BOP,Federal
BOPBUT,Butner Fed.Corr.Inst.,3000 Old 75 Hwy,Butner,Granville,NC,27509,Atlanta,36.140318,-78.746313,BOP,Federal
BOPCAA,USP Canaan,3057 Easton Turnpike,Waymart,Wayne,PA,18472,Philadelphia,41.563541,-75.418754,BOP,Federal
BOPCNV,Nashville Comm. Corr.,701 Broadway Street,Nashville,Davidson,TN,37203,New Orleans,36.158784,-86.781319,BOP,Federal
BOPCUM,Cumberland FCI,14601 Burbridge Road SE,Cumberland,Allegany,MD,21502,Baltimore,39.597042,-78.754278,BOP,Federal
BOPDAL,Dalby Correctional Institute,805 North Avenue F,Post,Garza,TX,79356,Dallas,33.201191,-101.373229,BOP,Federal
BOPDEV,Devens FMC,42 Patton Road,Ayer,Middlesex,MA,01432,Boston,42.52625,-71.623079,BOP/Medical,Federal
BOPFAI,Fairton FCI,655 Fairton Millville Rd,Fairton,Cumberland,NJ,08320,Newark,39.385134,-75.159558,BOP,Federal
BOPGIL,FCI Gilmer,201 Fci Lane,Glenville,Gilmer,WV,26351,Philadelphia,38.916797,-80.782263,BOP,Federal
BOPGUA,Guaynabo MDC (San Juan),Hwy 28 Intsect of Road 165,San Juan,Guaynabo,PR,00939,Miami,18.42346,-66.112158,BOP,Federal
BOPHON,Honolulu Federal Detention Center,351 Elliott St.,Honolulu,Honolulu,HI,96819,San Francisco,21.333872,-157.927927,BOP,Federal
BOPLAT,La Tuna FCI,8500 Doniphan Road,Anthony,El Paso,TX,79821,El Paso,31.982191,-106.591397,BOP,Federal
BOPLEW,Lewisburg U.S. Pen.,P.O. BOX 1000,Lewisburg,Union,PA,17837,Philadelphia,40.964529,-76.88441,BOP,Federal
BOPLEX,Lexinton Fed.Med Center,3301 Leestown Road,Lexington,Fayette,KY,40511,Chicago,38.105233,-84.560218,BOP,Federal
BOPLOF,Lompoc FCI,3600 Guard Road,Lompoc,Santa Barbara,CA,93436,Los Angeles,34.677439,-120.497665,BOP,Federal
BOPLOM,Lompoc USP,3901 Klein Blvd.,Lompoc,Santa Barbara,CA,93436,Los Angeles,34.676234,-120.505685,BOP,Federal
BOPLOS,Los Angeles Met.Det.Ctr.,300 N. Los Angeles St.,Los Angeles,Los Angeles,CA,90012,Los Angeles,34.05261,-118.240705,BOP,Federal
BOPLTL,"La Tuna Federal Sattelite, Low",8500 Doniphan Road,Anthony,El Paso,TX,79821,El Paso,31.982203,-106.591379,BOP,Federal
BOPLVN,Leavenworth USP,1300 Metropolitan Ave.,Leavenworth,Leavenworth,KS,66048,Chicago,39.330385,-94.936386,Unknown,Other/Unknown
BOPMAR,Marion USP,Rural Rt. 5 Little Grassy Road,Marion,Williamson,IL,62959,Chicago,37.663162,-88.984128,BOP,Federal
BOPMCR,Mccreary USP,330 Federal Way,Pine Knot,Mccreary,KY,42635,Chicago,36.685799,-84.387962,BOP,Federal
BOPMEM,Memphis Fed.Corr.Inst.,1101 John A Denie Road,Memphis,Shelby,TN,38134,New Orleans,35.156368,-89.867466,BOP,Federal
BOPMIA,Miami FCI (Former MCC),1350 NW 41 Street,Miami,Miami-Dade,FL,33178,Miami,25.813278,-80.219048,BOP,Federal
BOPMIM,Miami Fed.Det.Center,33 NE 4th St,Miami,Miami-Dade,FL,33132,Miami,25.778499,-80.193192,BOP,Federal
BOPMRG,Morgantown Fed.Corr.Inst.,446 Greenbag Road,Morgantown,Monongalia,WV,26501,Philadelphia,39.60438,-79.950045,Other,Other/Unknown
BOPMVC,Moshannon Valley Correctional,555 Geo Drive,Philipsburg,Clearfield,PA,16866,Philadelphia,40.921117,-78.242177,DIGSA,Dedicated
BOPNEO,Northeast Ohio Correctional Center,2240 Hubbard Rd,Youngstown,Mahoning,OH,44505,Detroit,41.131187,-80.631876,USMS IGA,Federal
BOPOAD,Oakdale Fed.Det.Center,2105 E. Whatley Rd.,Oakdale,Allen,LA,71463,New Orleans,30.826964,-92.643047,BOP,Federal
BOPPET,Petersburg Fed.Corr.Inst.,1060 River Rd,Hopewell,Hopewell City,VA,23860,Washington,37.29826,-77.339699,Unknown,Other/Unknown
BOPPHL,FDC Philadelphia,700 Arch Street,Philadelphia,Philadelphia,PA,19106,Philadelphia,39.952909,-75.151925,BOP,Federal
BOPPHX,Phoenix Fed.Corr.Inst.,37910 N 45th Ave Dept 1700,Phoenix,Maricopa,AZ,85027,Phoenix,33.871594,-112.156312,BOP,Federal
BOPPOL,Pollock USP,"1000 Air Base Road, Po Box 1000",Pollock,Grant,LA,71467,New Orleans,31.465164,-92.432897,BOP,Federal
BOPRAE,"McRae Correctional Facility, CCA",1000 Jim Hammock Dr.,Mcrae,Telfair,GA,31055,Atlanta,32.05449,-82.877389,BOP,Federal
BOPRBK,Ray Brook Fed.Corr.Inst.,P.O.Box 300,Ray Brook,Essex,NY,12977,Buffalo,44.294692,-74.092416,BOP,Federal
BOPRCH,Rochester Fed.Med.Center,2110 E Center St,Rochester,Olmsted,MN,55904,St. Paul,44.022815,-92.436321,BOP,Federal
BOPSDC,San Diego MCC,Metropolitan Correctional Center,San Diego,San Diego,CA,92101,San Diego,32.713887,-117.166165,BOP,Federal
BOPSET,Seatac Fed.Det.Center,2425 S.200th Street,Seatac,King,WA,98198,Seattle,47.42207,-122.301446,BOP,Federal
BOPSHE,Sheridan Fed.Corr.Inst.,27072 Southwest Ballston Road,Sheridan,Yamhill,OR,97378,Seattle,45.083667,-123.382482,BOP,Federal
BOPSPG,Springfield Fed.Med.Cntr,1900 W. Sunshine,Springfield,Greene,MO,65808,Chicago,37.177296,-93.324647,BOP,Federal
BOPTCN,Tucson Fed.Corr.Inst.,8901 South Wilmot Road,Tucson,Pima,AZ,85706,Phoenix,32.089437,-110.856732,BOP,Federal
BOPTCP,US Penitentiary Tucson,9300 South Wilmot Road,Tucson,Pima,AZ,85706,Phoenix,32.08473,-110.865276,BOP,Federal
BOPTHA,Terre Haute USP,Highway 63 South,Terre Haute,Vigo,IN,47808,Chicago,39.412452,-87.451258,BOP,Federal
BOPTRV,Three Rivers FCI,Tx-72,Three Rivers,Live Oak,TX,78071,Houston,28.444572,-98.322369,BOP,Federal
BOPVIM,FCI Victorville,13777 Air Base Rd,Victorville,San Bernardino,CA,92392,Los Angeles,34.565494,-117.366611,BOP,Federal
BOSHOLD,Boston Holdroom,10 New England Executive Park,Burlington,Middlesex,MA,01803,Boston,42.482639,-71.208915,Hold,Hold/Staging
BOSSRLA,Bossier Parish Cor. Center,2984 Old Plain Dealing Highway,Plain Dealing,Bossier,LA,71064,New Orleans,32.838877,-93.746035,USMS IGA,Federal
BOTTIND,Bottineau Co. ND Jail,314 West Fifth St.,Bottineau,Bottineau,ND,58318,St. Paul,48.827122,-100.449845,IGSA,Non-Dedicated
BOURBKY,Bourbon Co Det Center,101 Legion Rd ,Paris,Bourbon,KY,40361,Chicago,38.223994,-84.246073,Unknown,Other/Unknown
BOWCOTX,Bowie County Jail,100 N. State Line,Texarkana,Bowie,TX,75501,Dallas,33.420857,-94.043183,IGSA,Non-Dedicated
BPC,Boston SPC,476-498 Hanover St Exd,Boston,Suffolk,MA,02109,Boston,42.367583,-71.052027,Other,Other/Unknown
BRADEFL,Bradenton Detention Center,515 11Th Street West,Bradenton,Manatee,FL,34205,Miami,27.495184,-82.572533,IGSA,Non-Dedicated
BRANCMI,"Branch Co, Coldwater, MI",31 Division Street,Coldwater,Branch,MI,49036,Detroit,41.939778,-85.000442,Unknown,Other/Unknown
BRCHOLD,Brush Holdroom,515 Industrial Park Road,Brush,Morgan,CO,80723,Denver,40.272257,-103.624869,Hold,Hold/Staging
BRDFDFL,Bradford County Jail,945-A N. Temple Ave.,Starke,Bradford,FL,32091,Miami,29.954131,-82.10935,IGSA,Non-Dedicated
BREMEIA,"Bremer Co Jail, Iowa",111 4th Street NE,Waverly,Bremer,IA,50677,St. Paul,42.726452,-92.465923,USMS IGA,Federal
BREVDFL,Brevard County Jail Complex,860 Camp Road,Cocoa,Brevard,FL,32927,Miami,28.4481,-80.781796,Unknown,Other/Unknown
BRGMCFL,Broward General Medical Center,1600 South Andrews Avenue,Ft. Lauderdale,Broward,FL,33316,Miami,26.102224,-80.14078,Hospital,Medical
BRINDMA,Bristol Cnty Ndartmouth,400 Faunce Corner Road,North Dartmouth,Bristol,MA,02747,Boston,41.665671,-70.995932,IGSA,Non-Dedicated
BRKHOLD,Berks Hold Room,1243 County Welfare Rd,Leesport,Berks,PA,19533,Philadelphia,40.382788,-76.013791,Hold,Hold/Staging
BROADMT,Broadwater County Jail,519 Broadway,Townsend,Broadwater,MT,59644,Salt Lake City,46.321525,-111.515337,IGSA,Non-Dedicated
BROCRFL,Broward Correctional,20421 Sheridan St,Fort Lauderdale,Broward,FL,33332,Miami,26.033641,-80.419634,IGSA,Non-Dedicated
BROJAFL,Broward County Jail,555 SE 1st Avenue,Ft.Lauderdale,Broward,FL,33301,Miami,26.116175,-80.142109,IGSA,Non-Dedicated
BROKSTX,Brooks County Jail (Contract),901 County Road 201,Falfurrias,Brooks,TX,78355,Harlingen,27.247946,-98.1266,USMS IGA,Federal
BROMMNY,Broome County Jail,897 Front Street,Binghampton,Broome,NY,13905,Buffalo,42.130921,-75.913694,IGSA,Non-Dedicated
BROWNSD,Brown County Jail,22 SE Court Street,Aberdeen,Brown,SD,57401,St. Paul,45.464532,-98.486163,IGSA,Non-Dedicated
BROWNWI,Brown County Jail,3030 Curry Lane,Green Bay,Brown,WI,54311,Chicago,44.522828,-87.93105,Unknown,Other/Unknown
BRWNSTX,Brownsville Police Dept.,600 E. Jackson Street,Brownsville,Cameron,TX,78520,Harlingen,25.907813,-97.498404,Other,Other/Unknown
BRYANGA,Bryan County Jail,95 PUBLIC SAFETY WAY,Pembroke,Bryan,GA,31321,Atlanta,32.134516,-81.618418,IGSA,Non-Dedicated
BSAHOLD,Broadview Service Staging,1930 Beach Street,Broadview,Cook,IL,60155,Chicago,41.86801,-87.865938,Staging,Hold/Staging
BSCDRTX,BSCC Cedar Hill Unit,3711 Wright Avenue,Big Spring,Howard,TX,79720,El Paso,32.2201,-101.506272,BOP,Federal
BSCHOLD,Big Spring Hold Room,1701 Apron Drive,Big Spring,Howard,TX,79720,El Paso,32.224863,-101.514033,Hold,Hold/Staging
BSCORTX,BSCC Airpark Unit,3700 Wright Avenue,Big Spring,Howard,TX,79720,El Paso,32.220792,-101.508263,BOP,Federal
BSFLTTX,BSCC Flightline Unit,2001 Rickabaugh Dr,Big Spring,Howard,TX,79720,El Paso,32.225325,-101.528147,BOP,Federal
BSGDFTX,BSCC Giles Darby Facility,805 N. Avenue F,Post,Garza,TX,79356,Dallas,33.201191,-101.373229,BOP,Federal
BSNTRTX,BSCC Interstate Unit,1801 W. I-20,Big Spring,Howard,TX,79720,El Paso,32.263426,-101.493102,BOP,Federal
BSQUETX,Bosque County Sheriff's Dept.,305 W Morgan Street P.O. Boz 741,Meridian,Bosque,TX,76665,Houston,31.929945,-97.642792,Unknown,Other/Unknown
BSTAYTX,Baylor Scott White Md Ctr,3500 Gaston Avenue,Dallas,Dallas,TX,75246,Dallas,32.789944,-96.780427,Hospital,Medical
BSWRRTX,Baylor Scott White Med RR,300 University Blvd,Round Rock,Williamson,TX,78665,San Antonio,30.560809,-97.685885,Hospital,Medical
BTV,Buffalo SPC,4250 Federal Drive,Batavia,Genesee,NY,14020,Buffalo,43.020145,-78.202393,SPC,Dedicated
BUFHOLD,Buffalo Hold Room,130 Delaware Ave,Buffalo,Erie,NY,14202,Buffalo,42.888235,-78.878021,Hold,Hold/Staging
BURLEND,"Burleigh Co. Jail, ND",4000 Apple Creek Rd,Bismarck,Burleigh,ND,58502,St. Paul,46.796728,-100.727046,USMS IGA,Federal
BURNETX,Burnet County Jail,900 County Ln,Burnet,Burnet,TX,78611,San Antonio,30.740823,-98.252863,USMS IGA,Federal
BUTLEKS,Butler County Jail,701 SE Stone Road,El Dorado,Butler,KS,67042,Chicago,37.811808,-96.831218,USMS IGA,Federal
BUTLEOH,Butler County Jail,705 Hanover Street,Hamilton,Butler,OH,45011,Detroit,39.387561,-84.55577,USMS IGA,Federal
BWDGICA,Best Western Dragon Gate Inn,818 N. Hill St.,Los Angeles,Los Angeles,CA,90012,Los Angeles,34.063125,-118.239228,Hotel,Hotel
BWEPATX,Best Western Casa De Estrella,,El Paso,El Paso,TX,00nan,El Paso,31.761878,-106.485022,Family Staging,Family/Youth
BWMARCA,Best Western Marina,800 Bay Marina Dr,National City,San Diego,CA,91950,San Diego,32.658922,-117.109946,Hotel,Hotel
BWRGMTX,Best West Rose Grdn I&S,,McAllen,Hidalgo,TX,00nan,Harlingen,26.203407,-98.230012,Hotel,Hotel
BXCHSNY,Bronxcare Health System,1650 Grand Concourse ,Bronx,Bronx,NY,10457,New York,40.843468,-73.91108,Hospital,Medical
CACCJAM,SCC/Jamestown,5100 O'Brynes Ferry Road,Jamestown,Tuolumne,CA,95327,San Francisco,37.89188,-120.539309,Other,Other/Unknown
CACFBAK,Baker CCF,10 Lakeview Rd,Baker,San Bernardino,CA,92309,Los Angeles,35.278342,-116.055412,IGSA,Non-Dedicated
CACFDON,RJ Donovan Correc Fac,480 Alta Road,San Diego,San Diego,CA,92104,San Diego,32.584706,-116.933726,Other,Other/Unknown
CACFLEO,CCF/Leo Chesney,2800 Appricot St,Live Oak,Sutter,CA,95953,San Francisco,39.268232,-121.664504,Other,Other/Unknown
CACFMCF,Mcfarland CCF,245 Taylor Ave,Mcfarland,Kern,CA,93250,San Francisco,35.667603,-119.229216,IGSA,Non-Dedicated
CACFMES,Mesa Verde ICE Processing Center,425 Golden State Ave,Bakersfield,Kern,CA,93301,San Francisco,35.380271,-119.006394,CDF,Dedicated
CACHEUT,Cache Co. Jail,50 West 200 North,Logan,Cache,UT,84321,Salt Lake City,41.736866,-111.865625,USMS IGA,Federal
CACTYCA,California City Corections Center,22844 Virginia Boulevard,California City,Kern,CA,93505,San Francisco,35.151718,-117.858652,CDF,Dedicated
CADCCAL,CDC Calipatria IHP,7018 Blair Road,Calipatria,Imperial,CA,92233,San Diego,33.163691,-115.492777,IGSA,Non-Dedicated
CADESVI,Desert View,10450 Rancho Road,Adelanto,San Bernardino,CA,92301,Los Angeles,34.559947,-117.437311,CDF,Dedicated
CAIRONW,Ironwood State Prison,19005 Wiley's Well Road,Blythe,Riverside,CA,92225,Los Angeles,33.609811,-114.900741,Unknown,Other/Unknown
CAJUVMN,Carver Co. Juvy Detention,600 East Fourth St.,Chaska,Carver,MN,55318,St. Paul,44.787784,-93.592711,Juvenile,Family/Youth
CALCALA,Calcasieu Parish Prison,5410 Broad St,Lake Charles,Calcasieu,LA,70615,New Orleans,30.22583,-93.141752,,Non-Dedicated
CALDWMO,Caldwell County Jail,280 West Main Street,Kingston,Caldwell,MO,64650,Chicago,39.642198,-94.046756,IGSA,Non-Dedicated
CALHOMI,"Calhoun Co., Battle Cr,MI",185 East Michigan Avenue,Battle Creek,Calhoun,MI,49014,Detroit,42.316656,-85.175795,IGSA,Non-Dedicated
CAMBRPA,"Cambria County Jail, PA",425 Manor Drive,Ebensburg,Cambria,PA,15931,Philadelphia,40.488973,-78.702708,USMS IGA,Federal
CAMCOWY,Campbell County Jail,600 W Boxelder Road,Gillette,Campbell,WY,82718,Denver,44.27747,-105.512453,IGSA,Non-Dedicated
CAMEDAZ,Central Arizona Medical,450 Adamsville,Florence,Pinal,AZ,85132,Phoenix,33.026777,-111.393773,Hospital,Medical
CAMENCE,"Calif. Men Colony, East",Colony Dr,San Luis Obispo,San Luis Obispo,CA,93409,Los Angeles,35.325368,-120.69447,Other,Other/Unknown
CAMENCW,"Calif. Men Colony, West",Colony Dr,San Luis Obispo,San Luis Obispo,CA,93409,Los Angeles,35.325368,-120.69447,Other,Other/Unknown
CAMERTX,Cameron County Jail,954 E. Harrison,Brownsville,Cameron,TX,78520,Harlingen,25.907524,-97.494939,IGSA,Non-Dedicated
CARBOPA,Carbon County Correctionl,Route 93 & Broad Street,Nesquehoning,Carbon,PA,18240,Philadelphia,40.878404,-75.784346,IGSA,Non-Dedicated
CARBOWY,Carbon County Jail,1302 Daley St,Rawlins,Carbon,WY,82301,Denver,41.795532,-107.223108,IGSA,Non-Dedicated
CARDFVA,Caroline Detention Facility,11093 S.W. Lewis Memorial Drive,Bowling Green,Caroline,VA,22427,Washington,38.111573,-77.267162,DIGSA,Dedicated
CARJAMN,Carver County Jail,600 East Fourth St.,Chaska,Carver,MN,55318,St. Paul,44.787296,-93.59275,IGSA,Non-Dedicated
CARROMD,Carroll County Detention Center,100 North Court Street,Westminster,Carroll,MD,21157,Baltimore,39.572086,-76.986759,IGSA,Non-Dedicated
CASCAMT,"Cascade County Jail, MT",3800 Ulm North Frontage Road,Great Falls,Cascade,MT,59404,Salt Lake City,47.505285,-111.300772,USMS IGA,Federal
CASPCAL,Calipatria State Prison,7018 Blair Road,Calipatria,Imperial,CA,92233,San Diego,33.163066,-115.484738,Other,Other/Unknown
CASPSAC,Csp-Sacramento,100 Prison Road,Represa,Sacramento,CA,95671,San Francisco,38.691608,-121.15735,IGSA,Non-Dedicated
CASSCND,Cass County Jail,450 34th Street South,Fargo,Cass,ND,58107,St. Paul,46.869935,-96.835543,IGSA,Non-Dedicated
CASSCNE,Cass County Jail,336 Main Street,Plattsmouth,Cass,NE,68048,St. Paul,41.011802,-95.88304,USMS IGA,Federal
CASSJCA,Casa San Juan,3987 Georgia St,San Diego,San Diego,CA,92103,San Diego,32.750033,-117.144795,Juvenile,Family/Youth
CATAHLA,Catahoula Correctional Center,499 Old Columbia Road,Harrisonburg,Catahoula,LA,71430,New Orleans,31.740157,-91.859029,IGSA,Non-Dedicated
CATTANY,Cattaraugus County Jail,301 Court Street,Little Valley,Cattaraugus,NY,14755,Buffalo,42.252138,-78.800252,IGSA,Non-Dedicated
CAWVALL,West Valley,9500 Etiwanda Ave,Rancho Cucamonga,San Bernardino,CA,91739,Los Angeles,34.081249,-117.52732,Unknown,Other/Unknown
CAYUGNY,Cayuga County Jail,"7445 County House Rd, Po Box518",Auburn,Cayuga,NY,13021,Buffalo,42.979814,-76.543497,IGSA,Non-Dedicated
CBENDTX,Coastal Bend Det. Facility,4909 Fm (Farm To Market) 2826,Robstown,Nueces,TX,78380,Harlingen,27.737038,-97.754726,USMS IGA,Federal
CBPCAL,Calexico East POE,1699 East Carr Rd,Calexico,Imperial,CA,92231,San Diego,32.675518,-115.388744,,Other/Unknown
CBPHOLD,Buffalo Usbp Hold Room,"726 Exchange Street, Suite 400",Buffalo,Erie,NY,14210,Buffalo,42.87474,-78.849655,USBP,Federal
CBPORIL,CBP O'Hare Airport Trm 5 B.C. Ext,5600 Pearl Street,Rosemont,Cook,IL,60018,Chicago,41.979885,-87.872919,,Other/Unknown
CBRRSNC,Cabarrus County Jail,30 Corban Avenue SE,Concord,Cabarrus,NC,28025,Atlanta,35.409109,-80.577985,IGSA,Non-Dedicated
CCADCAZ,CCA Cent.AZ.Det.Ctr.,1155 North Pinal Parkway,Florence,Pinal,AZ,85132,Phoenix,33.043518,-111.377314,USMS IGA,Federal
CCAFLAZ,"CCA, Florence Correctional Center",1100 Bowling Road,Florence,Pinal,AZ,85132,Phoenix,33.043378,-111.372044,USMS CDF,Federal
CCAHUTX,T Don Hutto Residential Center,1001 Welch Street,Taylor,Williamson,TX,76574,San Antonio,30.564622,-97.41931,CDF,Dedicated
CCALEKS,Midwest Regional Reception Center,100 Highway Terrace,Leavenworth,Leavenworth,KS,66048,Chicago,39.271947,-94.891617,CDF,Dedicated
CCANOOH,CCA Northeast OH Corrects,2240 Hubbard Rd,Youngstown,Mahoning,OH,44505,Detroit,41.131679,-80.631998,CDF,Dedicated
CCASDCA,Otay Mesa Detention Center,7488 Calzada De La Fuente,San Diego,San Diego,CA,92154,San Diego,32.575665,-116.915121,CDF,Dedicated
CCCSSTX,Christus Spohn Hosp CC - South,5950 Saratoga Blvd,Corpus Christi,Nueces,TX,78414,Harlingen,27.68398,-97.377202,Hospital,Medical
CCHAUTX,Cross Creek Hospital,8402 Cross Park Dr,Austin,Travis,TX,78754,San Antonio,30.338742,-97.676971,Hospital,Medical
CCHHSIL,Cook County Hospital-JHS,1969 W Ogden Ave,Chicago,Cook,IL,60612,Chicago,41.87272,-87.673726,Hospital,Medical
CCHRTTX,Cedar Crest Hosp Treat,3500 I-35 Frontage Rd,Belton,Bell,TX,76513,Houston,31.021506,-97.476995,Hospital,Medical
CCRMHMN,Centracare Rice Memorial Hosp,301 Becker Ave SW,Willmar,Kandiyohi,MN,56201,St. Paul,45.120098,-95.046244,Hospital,Medical
CEMEDFL,Cedars Medical Center,1400 NW 12th Ave,Miami,Miami-Dade,FL,33136,Miami,25.788475,-80.216247,Hospital,Medical
CENTRWV,Central Regional Jail,300 Days Drive,Sutton,Braxton,WV,26601,Philadelphia,38.698754,-80.662153,IGSA,Non-Dedicated
CFREDVA,Clarke Fred'k Winch.,141 Ft Collier Road,Winchester,Winchester City,VA,22603,Washington,39.198831,-78.143883,IGSA,Non-Dedicated
CGRMCAZ,Casa Grande Reg. Med. Center,1625 N Campbell Ave,Casa Grande,Pinal,AZ,85222,Phoenix,32.88074,-111.709746,Hospital,Medical
CHACONY,Chautauqua County Jail,15 E. Chautauqua Street,Mayville,Chautauqua,NY,14757,Buffalo,42.254512,-79.503602,IGSA,Non-Dedicated
CHAHOLD,Charlotte Amalie Holdroom,"5500, Veterans Dr, St Thomas 00801, U.S. Virgin Islands",St. Thomas,St. Thomas,VI,00801,Miami,18.340344,-64.926568,Hold,Hold/Staging
CHANRAZ,Chandler Reg Med Ctr,1955 W Frye Rd,Chandler,Maricopa,AZ,85224,Phoenix,33.297158,-111.87463,Hospital,Medical
CHARLSC,Charleston County Correct,3841 Leeds Avenue,North Charleston,Charleston,SC,29405,Atlanta,32.845007,-80.013825,USMS IGA,Federal
CHASEKS,Chase County Jail,301 South Walnut Street,Cottonwood Falls,Chase,KS,66845,Chicago,38.36727,-96.538518,IGSA,Non-Dedicated
CHATHGA,Chatham Co Jail,1050 Carl Griffen Drive,Savannah,Chatham,GA,31405,Atlanta,32.066982,-81.168548,IGSA,Non-Dedicated
CHAVENM,Chavez Det Crt,3701 S. Atkinson,Roswell,Chaves,NM,88203,El Paso,33.351517,-104.504304,IGSA,Non-Dedicated
CHELAWA,Chelan Co. Regional Jail,401 Washington St 2nd Floor,Wenatchee,Chelan,WA,98801,Seattle,47.422338,-120.315478,USMS IGA,Federal
CHEMUNY,Chemung County Jail,211 William Street,Elmira,Chemung,NY,14901,Buffalo,42.091366,-76.801407,IGSA,Non-Dedicated
CHENANY,Chenango County Jail,279 County Road,Norwich,Chenango,NY,13815,Buffalo,42.531184,-75.523515,Unknown,Other/Unknown
CHEROOK,Cherokee County Jail,213 West Delaware Street,Tahlequah,Cherokee,OK,74464,Dallas,35.913663,-94.973365,Other,Other/Unknown
CHFLDVA,Chesterfield Co. Jail,6900 Mimms Dr,Chesterfield,Chesterfield,VA,23832,Washington,37.378966,-77.507886,Unknown,Other/Unknown
CHIHMIA,Chi Health Mercy Council Bluffs,800 Mercy Dr,Council Bluffs,Pottawattamie,IA,51503,St. Paul,41.268838,-95.839141,Hospital,Medical
CHIHOLD,Chicago Hold Room,"Chicago O'Hare Airport, Terminal #5",Chicago,Cook,IL,60666,Chicago,41.975002,-87.89026,Hold,Hold/Staging
CHIPPMI,"Chippewa Co., SSM",325 Court Street,Sault Ste. Marie,Chippewa,MI,49783,Detroit,46.497372,-84.34556,IGSA,Non-Dedicated
CHISLTX,Chi St Luke's Health Mem,1201 W Frank Ave,Lufkin,Angelina,TX,75904,Houston,31.3362,-94.741738,Hospital,Medical
CHLHOLD,"Charleston, SC Hold Room",3950 Faber Place Dr,Charleston,Charleston,SC,29405,Atlanta,32.846426,-80.019782,Hold,Hold/Staging
CHMCINY,Courthouse USM Cntl Islip,100 Federal Plaza,Central Islip,Suffolk,NY,11722,New York,40.759471,-73.190964,Other,Other/Unknown
CHMHOLD,Champlain Hold Room,237 West Service Road,Champlain,Clinton,NY,12919,Buffalo,45.006874,-73.455873,Hold,Hold/Staging
CHRISKY,Christian County Jail,"410 West 7th Street,",Hopkinsville,Christian,KY,42240,Chicago,36.868309,-87.490429,USMS IGA,Federal
CHRISMO,Christian Co Sheriff Dept,110 West Elm,Ozark,Christian,MO,65721,Chicago,37.019828,-93.205434,IGSA,Non-Dedicated
CHRLTFL,Charlotte County Jail,26601 Airport Rd,Punta Gorda,Charlotte,FL,33982,Miami,26.914946,-82.006817,IGSA,Non-Dedicated
CHSHOLD,ERO Charleston WV Hold Room,36 Jacobson Drive,Poca,Putnam,WV,25159,Philadelphia,38.452106,-81.81659,,Hold/Staging
CHSPKVA,Chesapeake City Jail,400 Albemarle Dr,Chesapeake,Chesapeake City,VA,23322,Washington,36.718564,-76.250451,,Non-Dedicated
CHSRHTX,Christus Santa Rosa Hospital - Med,5101 N. O'Connor Blvd,Irving,Dallas,TX,75039,Dallas,32.869775,-96.942049,Hospital,Medical
CHTHMGA,Chatham County Jail,1050 Carl Griffin Drive,Savannah,Chatham,GA,31405,Atlanta,32.066982,-81.168548,,Non-Dedicated
CHYHOLD,Cheyenne Holdroom,308 W. 21st Street,Cheyenne,Laramie,WY,82001,Denver,41.136802,-104.819876,Hold,Hold/Staging
CIBOCNM,Cibola County Correctional Center,2000 Cibola Loop,Milan,Cibola,NM,87021,El Paso,35.179943,-107.907339,IGSA,Non-Dedicated
CIBOGNM,Cibola General Hospital,1016 E Roosevelt Ave,Grants,Cibola,NM,87020,El Paso,35.162496,-107.827011,Hospital,Medical
CIBOLNM,Cibola County Det Ctr,2000 Cibola Loop,Milan,Cibola,NM,87021,El Paso,35.1799,-107.907208,IGSA,Non-Dedicated
CINHOLD,Cincinnati Holdroom,9875 Redhill Drive,Cincinnati,Hamilton,OH,45242,Detroit,39.238229,-84.380236,Hold,Hold/Staging
CIPHOLD,Central Islip Hold Room,100 Federal Plaza,Central Islip,Suffolk,NY,11722,New York,40.759471,-73.190964,Hold,Hold/Staging
CISAETX,Comfort Inn Ste Elp Airp,,El Paso,El Paso,TX,00nan,El Paso,31.761878,-106.485022,Hotel,Hotel
CISEPTX,Comfort Suites Casa Consuelo,,El Paso,El Paso,TX,00nan,El Paso,31.761878,-106.485022,Family Staging,Family/Youth
CISPVLA,County Inn & Ste By Rad,,Pineville,Rapides,LA,00nan,New Orleans,31.322404,-92.434304,Hotel,Hotel
CITRUFL,Citrus County Jail,2604 W. Woodland Ridge Dr.,Lecanto,Citrus,FL,34461,Miami,28.844959,-82.477375,IGSA,Non-Dedicated
CKHOSFL,Columbia Kendal Hospital,11750 S.W. Bird Rd.,Miami,Miami-Dade,FL,33175,Miami,25.730954,-80.386287,Hospital,Medical
CLARIPA,Clarion  County Corrections,309 T-580,Shippenville,Clarion,PA,16254,Philadelphia,41.237861,-79.422906,IGSA,Non-Dedicated
CLARKIN,Clark County Jail,501 East Court Avenue,Jeffersonville,Clark,IN,47130,Chicago,38.277738,-85.737754,USMS IGA,Federal
CLARKWA,Clark County Jail,707 W 13Th St,Vancouver,Clark,WA,98666,Seattle,45.630405,-122.678512,IGSA,Non-Dedicated
CLAYCIN,Clay County Justice Center,611 East Jackson Street,Brazil,Clay,IN,47834,Chicago,39.523701,-87.11904,USMS IGA,Federal
CLEHOLD,Cleveland Hold Room,"1240 E. 9th Street, Room 585",Cleveland,Cuyahoga,OH,44199,Detroit,41.507133,-81.608326,Hold,Hold/Staging
CLICONY,Clinton County Jail,25 McCarthy Drive,Plattsburgh,Clinton,NY,12901,Buffalo,44.720543,-73.467006,USMS IGA,Federal
CLINTIN,Clinton County Jail,301 E Walnut Street,Frankfort,Clinton,IN,46041,Chicago,40.279209,-86.508778,USMS IGA,Federal
CLINTPA,Clinton County Corr. Fac.,58 Pine Mountain Road,Mcelhattan,Clinton,PA,17748,Philadelphia,41.150879,-77.34994,USMS IGA,Federal
CLMHOLD,Columbus Holdroom,50 West Broad St,Columbus,Franklin,OH,43215,Detroit,39.962457,-83.002115,Hold,Hold/Staging
CLTHOLD,Charlotte Hold Room,601 E Trade St,Charlotte,Mecklenburg,NC,28202,Atlanta,35.222692,-80.837224,Hold,Hold/Staging
CMDHOLD,Batavia Command Center Holdroom,,Batavia,Genesee,NY,00nan,Buffalo,42.998116,-78.187517,Hold,Hold/Staging
CMEDHPR,Centro Medico Hospital,Av Americo Miranda S/N,San Juan,San Juan,PR,00935,Miami,18.39152,-66.07489,Hospital,Medical
CMPJVNY,Compass House Shelter,370 Linwood Ave,Buffalo,Erie,NY,14209,Buffalo,42.912652,-78.868177,Juvenile,Family/Youth
CNGHOLD,Chattanooga Hold Room,3117 Dayton Blvd,Red Bank,Hamilton,TN,37415,New Orleans,35.105947,-85.298618,Hold,Hold/Staging
CNTGRIL,Centegra Hospital,3701 Doty St,Woodstock,Mchenry,IL,60098,Chicago,42.276089,-88.400562,Hospital,Medical
COAHOLD,"Columbia, SC Holdroom",1835 Assembly St,Columbia,Richland,SC,29201,Atlanta,34.008878,-81.040178,Hold,Hold/Staging
COBBJGA,Cobb County Jail,1825 County Services Parkway,Marietta,Cobb,GA,30060,Atlanta,33.908014,-84.577276,IGSA,Non-Dedicated
COCHIAZ,Cochise Co Jail Bisbee AZ,203 North Judd Drive,Bisbee,Cochise,AZ,85603,Phoenix,31.433271,-109.870675,IGSA,Non-Dedicated
COCONAZ,Coconino Co Detention Facility,952 E. Saw Mill Road,Flagstaff,Coconino,AZ,86001,Phoenix,35.187264,-111.640451,USMS IGA,Federal
COLCASC,Columbia Care Center,7901 Farrow Road,Columbia,Richland,SC,29203,Atlanta,34.080237,-80.977085,Hospital,Medical
COLLIFL,Collier County Sheriff,3301 Tamiami Trail East,Naples,Collier,FL,34112,Miami,26.128101,-81.765799,IGSA,Non-Dedicated
COLOMNY,Colombia County Jail,85 Industrial Tract,Hudson,Columbia,NY,12543,Buffalo,42.249184,-73.755694,IGSA,Non-Dedicated
COLUMFL,Columbia County Jail,389 NW Quinten St,Lake City,Columbia,FL,32055,Miami,30.220336,-82.643566,Unknown,Other/Unknown
COLUMOR,Columbia County Jail,901 Port Avenue,Saint Helens,Columbia,OR,97051,Seattle,45.848042,-122.819167,USMS IGA,Federal
COLUMPA,Columbia County Jail,721 Iron St.,Bloomsburg,Columbia,PA,17815,Philadelphia,40.998476,-76.450306,USMS IGA,Federal
COMFTFL,Comfort Suites Hotel,3901 SW 117th Ave.,Miami,Miami-Dade,FL,33175,Miami,25.733216,-80.382643,Hotel,Hotel
CONCOCA,Contra Costa Co. Jail,1000 Ward Street,Martinez,Contra Costa,CA,94553,San Francisco,38.01791,-122.133152,USMS IGA,Federal
CONCOLA,Concordia Parish C C,26356 Hwy 15,Ferriday,Concordia,LA,71334,New Orleans,31.597152,-91.558214,IGSA,Non-Dedicated
CONEJCO,Conejos County Jail,14044 County Road G5,Antonito,Conejos,CO,81120,Denver,37.166624,-105.999763,IGSA,Non-Dedicated
CONVEWY,Converse County Jail,107 North 5th Street,Douglas,Converse,WY,82633,Denver,42.759932,-105.38091,IGSA,Non-Dedicated
CONWECA,Contra Costa Co Jail/West,5555 Giant Highway,Richmond,Contra Costa,CA,94806,San Francisco,37.995056,-122.35397,USMS IGA,Federal
COOCONH,Coos County Jail,168 County Farm Road,West Stewartstown,Coos,NH,03597,Boston,44.989564,-71.532248,USMS IGA,Federal
COOKETX,Cooke County Jail,300 County Road 451,Gainesville,Cooke,TX,76240,Dallas,33.649331,-97.168402,,Non-Dedicated
COOSCOR,Coos Co. Jail,Coos County Sheriff's Office,Coquille,Coos,OR,97423,Seattle,43.176538,-124.18638,IGSA,Non-Dedicated
COSTACA,Costa Mesa College Hosp,301 Victoria St.,Costa Mesa,Orange,CA,92627,Los Angeles,33.651819,-117.912156,Hospital,Medical
COWJVWA,Cowlitz Co. Juv. Det.,1725 1st Ave.,Longview,Cowlitz,WA,98632,Seattle,46.140568,-122.919745,Juvenile,Family/Youth
CPBDCKY,Campbell Co Det Ctr,601 Central Avenue,Newport,Campbell,KY,41071,Chicago,39.089084,-84.496322,USMS IGA,Federal
CPPAPAZ,Crowne Plaza Phoenix Ap,4300 E Washington St,Phoenix,Maricopa,AZ,85034,Phoenix,33.44849,-111.98867,Hotel,Hotel
CRGHOLD,Craig Holdroom,466 Tucker Street,Craig,Moffat,CO,81625,Denver,40.513614,-107.545161,Hold,Hold/Staging
CRIHOLD,Cedar Rapids Hold Room,53 3rd Ave Bridge,Cedar Rapids,Linn,IA,52401,St. Paul,41.974586,-91.669151,Hold,Hold/Staging
CRMCFCA,Community Reg Med Center,2823 Fresno Street,Fresno,Fresno,CA,93721,San Francisco,36.742972,-119.78422,Hospital,Medical
CROWGMN,Crow Wing County Jail,313 Laurel St,Brainerd,Crow Wing,MN,56401,St. Paul,46.356621,-94.205266,USMS IGA,Federal
CRPHOLD,Corpus Christi EOR Hold Room,,Corpus Christi,Nueces,TX,00nan,Harlingen,27.796388,-97.403012,Hold,Hold/Staging
CRTOSCA,Cerritos  College Hosp,10802 College Place,Cerritos,Los Angeles,CA,90703,Los Angeles,33.88437,-118.102918,Hospital,Medical
CRYCCTX,Crystal City Corr. Center,5332 N Highway 83,Crystal City,Zavala,TX,78839,San Antonio,28.746956,-99.84422,USMS IGA,Federal
CSANOLA,Comfort Suites Alexandria,,Alexandria,Rapides,LA,00nan,New Orleans,31.311294,-92.445137,Hotel,Hotel
CSCLQTX,La Quinta Wyndham Casa De Paz,,Pearsall,Frio,TX,00nan,San Antonio,28.892194,-99.095033,Family Staging,Family/Youth
CSCNWWA,NW ICE Processing Ctr,1623 E. J Street,Tacoma,Pierce,WA,98421,Seattle,47.249469,-122.42145,CDF,Dedicated
CSDHOLD,Colo Springs Den HSI Hold,415 E Pikes Peak Ave,Colorado Springs,El Paso,CO,80903,Denver,38.83329,-104.817235,Hold,Hold/Staging
CSHEPTX,Chase Ste Hotel Elp,,El Paso,El Paso,TX,00nan,El Paso,31.761878,-106.485022,Hotel,Hotel
CSLLFTX,Chi St Luke's H M Lufkin,1201 W Frank Ave,Lufkin,Angelina,TX,75904,Houston,31.336248,-94.740863,Hospital,Medical
CSPHOLD,Casper Holdroom,150 E. B Street,Casper,Natrona,WY,82601,Denver,42.852372,-106.324213,Hold,Hold/Staging
CSSCHVA,Centra Southside Comm Hosp,800 Oak St,Farmville,Prince Edward,VA,23901,Washington,37.302238,-78.403542,Hospital,Medical
CSYJVNY,Casey House Shelter,710 Cedar Ave,Buffalo,Niagara,NY,14301,Buffalo,43.096813,-79.05398,Juvenile,Family/Youth
CTLAFSL,Laffayette Sheriff's Lock,101 Lafayette Street,Hartford,Hartford,CT,06106,Boston,41.760565,-72.683421,Hold,Hold/Staging
CTYORCI,York Corr Inst,201 West Main Street,Niantic,New London,CT,06357,Boston,41.322814,-72.23748,IGSA,Non-Dedicated
CULBETX,Culberson County Sheriff's,301 La Caverna,Van Horn,Culberson,TX,79855,El Paso,31.04294,-104.830769,IGSA,Non-Dedicated
CULPEVA,Culpeper Co. Adult Det. Center,131 W. Cameron St.,Culpeper,Culpeper,VA,22701,Washington,38.474011,-77.996748,IGSA,Non-Dedicated
CUMBEME,Cumberland County Jail,50 County Way,Portland,Cumberland,ME,04102,Boston,43.650907,-70.281688,USMS IGA,Federal
CURRYNM,Curry County Det Fac,801 Mitchell Street,Clovis,Curry,NM,88101,El Paso,34.405997,-103.206455,IGSA,Non-Dedicated
CUSTEMT,Custer County Jail,1010 Main Street,Miles City,Custer,MT,59301,Salt Lake City,46.407281,-105.844361,IGSA,Non-Dedicated
CVANXCA,Central Valley Annex,254 Taylor Avenue ,Mcfarland,Kern,CA,93250,San Francisco,35.668096,-119.228991,CDF,Dedicated
CVREGVA,Central VA Regional Jail,13021 James Madison Hwy,Orange,Orange County,VA,22960,Washington,38.227184,-78.116604,IGSA,Non-Dedicated
CWHCCMP,Commonwealth Healthcare Corp,1178 Hinemlu St,Saipan,Saipan,MP,00nan,San Francisco,15.185048,145.746726,Hospital,Medical
DAKOTNE,Dakota County Jail,1601 Broadway,Dakota City,Dakota,NE,68731,St. Paul,42.41555,-96.418364,USMS IGA,Federal
DALCOTX,Dallas County Jail-Lew Sterrett,111 West Commerce Street,Dallas,Dallas,TX,75202,Dallas,32.777677,-96.815682,USMS IGA,Federal
DALHOLD,Dallas F.O. Hold,8101 N Stemmons Fwy,Dallas,Dallas,TX,75247,Dallas,32.823591,-96.872126,Hold,Hold/Staging
DAUPHPA,"Dauphin Cnty Jail, PA",501 Mall Road,Harrisburg,Dauphin,PA,17111,Philadelphia,40.252809,-76.835521,Other,Other/Unknown
DAVIDTN,Davidson Co. Sheriff Dept,448 2nd Avenue,Nashville,Davidson,TN,37210,New Orleans,36.168377,-86.779324,IGSA,Non-Dedicated
DAVISUT,Davis Co. Jail,800 West State Street,Farmington,Davis,UT,84025,Salt Lake City,40.980475,-111.905059,USMS IGA,Federal
DAWSOMT,Dawson County Jail,207 West Bell,Glendive,Dawson,MT,59330,Salt Lake City,47.104942,-104.715501,IGSA,Non-Dedicated
DCDOCDC,DC Dept Of Corrections,1923 Vermont Avenue Northwest,Washington,District Of Columbia,DC,20001,Washington,38.917572,-77.032485,USMS IGA,Federal
DEAPDMI,Dearborn Police Dept.,16099 Michigan Ave,Dearborn,Wayne,MI,48126,Detroit,42.314071,-83.200414,IGSA,Non-Dedicated
DECCSMY,Delaware Correction Center,1181 Paddock Road,Smyrna,Kent,DE,19977,Philadelphia,39.332784,-75.598769,Unknown,Other/Unknown
DEKABGA,Dekalb County Jail,4425 Memorial Dr,Decatur,Dekalb,GA,30032,Atlanta,33.776282,-84.243647,IGSA,Non-Dedicated
DEKALAL,Dekalb County Detention Center,2801 Jordan Road,Fort Payne,Dekalb,AL,35968,New Orleans,34.418127,-85.773257,USMS IGA,Federal
DEKALGA,Dekalb Co Jail,4415 Memorial Dr,Decatur,Dekalb,GA,30032,Atlanta,33.776282,-84.243647,Other,Other/Unknown
DELAWPA,Delaware Co Jail,500 Chayney Road,Thornton,Delaware,PA,19373,Philadelphia,39.902048,-75.515296,USMS IGA,Federal
DELTACO,Delta County Jail,P.O. Box 172,Delta,Delta,CO,81416,Denver,38.739658,-108.072323,IGSA,Non-Dedicated
DENCICO,Denver Justice Center,1330 Cherokee Street,Denver,Denver,CO,80204,Denver,39.7375,-104.991436,IGSA,Non-Dedicated
DENHOLD,Denver Hold Room,4730 Paris St.,Denver,Denver,CO,80239,Denver,39.783584,-104.848563,Hold,Hold/Staging
DENICDF,Denver Contract Det. Fac.,3130 North Oakland Street,Aurora,Adams,CO,80010,Denver,39.761432,-104.849098,CDF,Dedicated
DENIICO,Denver CDF II,11901 E. 30th Ave,Aurora,Adams,CO,80010,Denver,39.759632,-104.849136,CDF,Dedicated
DENVECO,Denver County Jail,10500 East Smith Road,Denver,Denver,CO,80239,Denver,39.767591,-104.864078,USMS IGA,Federal
DEPCOGU,Department Of Corrections,3 Mashburn Lane,Mangilao,Guam,GU,96913,San Francisco,13.449777,144.802942,IGSA,Non-Dedicated
DEPYOGU,Department Of Youth Affairs,"169 San Isidro St., Bldg. C",Barrigada,Guam,GU,96921,San Francisco,13.466031,144.800634,Juvenile,Family/Youth
DETHOLD,"U.S. Immigration, Detroit",333 Mt. Elliot Ave,Detroit,Wayne,MI,48207,Detroit,42.342941,-83.010029,Hold,Hold/Staging
DHDFNJ,Delaney Hall Detention Facility,451 Doremus Avenue,Newark,Essex,NJ,07105,Newark,40.718131,-74.128497,CDF,Dedicated
DIIHBMD,Days Inn Inner Harbor Baltimore,100 Hopkins Place,Baltimore,Baltimore,MD,21201,Baltimore,39.287308,-76.61807,Hotel,Hotel
DILLSAF,Dilley Processing Single Female,1925 West Highway 85,Dilley,Frio,TX,78017,San Antonio,28.667329,-99.132965,DIGSA,Dedicated
DISPTAZ,Drury Inn Stes Pho Tempe,,Tempe,Maricopa,AZ,00nan,Phoenix,33.42551,-111.940005,Hotel,Hotel
DISSATX,Drury Inn & Stes SNA Ap,,San Antonio,Bexar,TX,00nan,San Antonio,29.42519,-98.494592,Hotel,Hotel
DLAMOCA,Del Amo Psychiatric Hospital,23700 Camino Del Sol,Torrance,Los Angeles,CA,90505,Los Angeles,33.810094,-118.343295,Hospital,Medical
DLRHOLD,Del Rio DRO Hold Room,2401 Dodson Avenue,Del Rio,Val Verde,TX,78840,San Antonio,29.392709,-100.89889,Hold,Hold/Staging
DNHMCCO,Denver Health Medical Center,777 Bannock Street,Denver,Denver,CO,80204,Denver,39.728208,-104.991075,Hospital,Medical
DOCORNE,Douglas County Correction,710 South 17th St,Omaha,Douglas,NE,68102,St. Paul,41.2533,-95.938244,IGSA,Non-Dedicated
DODGEWI,"Dodge County Jail, Juneau",215 West Central Street,Juneau,Dodge,WI,53039,Chicago,43.407033,-88.706209,USMS IGA,Federal
DONAANM,Dona Ana County Detention Facility,1850 Copper Loop,Las Cruces,Dona Ana,NM,88005,El Paso,32.302963,-106.80567,IGSA,Non-Dedicated
DORCDSC,Dorchester Co Det Ctr,220 Hodge Rd,Summerville,Dorchester,SC,29483,Atlanta,33.057249,-80.221052,USMS IGA,Federal
DORCHMD,Dorchester Co Det Cntr,829 Fieldcrest Road,Cambridge,Dorchester,MD,21613,Baltimore,38.548203,-76.058702,IGSA,Non-Dedicated
DOUGLCO,Douglas County Detention Center,355 South Wilcox,Castle Rock,Douglas,CO,80104,Denver,39.366616,-104.863042,IGSA,Non-Dedicated
DOUGLOR,Douglas Co. Jail,1036 SE Douglas Ave # 210 #124,Roseburg,Douglas,OR,97470,Seattle,43.210753,-123.341307,IGSA,Non-Dedicated
DOUGLWI,Douglas Co. Wisconsin,1409 Hammond Avenue,Superior,Douglas,WI,54880,Chicago,46.721622,-92.098224,USMS IGA,Federal
DRHCSTX,Dimmit Regional Hospital,704 Hospital Drive,Carrizo Springs,Dimmit,TX,78834,San Antonio,28.519335,-99.863402,Hospital,Medical
DRURYCO,Drury Inn,4380 Peoria St,Denver,Denver,CO,80239,Denver,39.775453,-104.846053,Hotel,Hotel
DSMCNTX,DSMC - Del Sol Medical Center,10301 Gateway Blvd W ,El Paso,El Paso,TX,79925,El Paso,31.75677,-106.349674,Hospital,Medical
DSMHOLD,Des Moines Hold Room,222 5th Ave,Des Moines,Polk,IA,50309,St. Paul,41.585641,-93.623601,Hold,Hold/Staging
DSRTVCA,Desert Valley Hospital,16850 Bear Valley Road,Victorville,San Bernardino,CA,92395,Los Angeles,34.472303,-117.298074,Hospital,Medical
DULHOLD,Duluth Hold Room,4431 Endeavor Drive,Duluth,St. Louis,MN,55811,St. Paul,46.834694,-92.157027,Hold,Hold/Staging
DUPAGIL,Dupage County Jail,501 North County Farm Road,Wheaton,Dupage,IL,60187,Chicago,41.86939,-88.140683,IGSA,Non-Dedicated
DURHOLD,Durango Holdroom,32 Sheppard Drive,Durango,La Plata,CO,81303,Denver,37.237143,-107.874248,Hold,Hold/Staging
DUTCHAK,Dutch Harbor City Jail,29 Safety Way,Unalaska,Aleutians West,AK,99685,Seattle,53.871259,-166.54194,IGSA,Non-Dedicated
DUVALFL,Duval/Jacksonville Jail,500 East Adams Street,Jacksonville,Duval,FL,32202,Miami,30.325627,-81.650566,IGSA,Non-Dedicated
DVCSDKY,Daviess County Detention Center,3337 Ky-144,Owensboro,Daviess,KY,42303,Chicago,37.787121,-87.070298,USMS IGA,Federal
DVDHOLD,Dover Holdroom,1305 McD Drive,Dover,Kent,DE,19901,Philadelphia,39.153634,-75.488262,Hold,Hold/Staging
DVHSPNV,Desert View Hospital,360 S Lola Ln,Pahrump,Nye,NV,89048,Salt Lake City,36.214503,-116.025038,Hospital,Medical
EAGLECO,Eagle County Jail,885 Chambers Ave.,Eagle,Eagle,CO,81631,Denver,39.663433,-106.818287,IGSA,Non-Dedicated
EAZ,Eloy Federal Contract Fac,1705 East Hanna Rd.,Eloy,Pinal,AZ,85131,Phoenix,32.817738,-111.520746,DIGSA,Dedicated
ECC,El Centro SPC,1115 North Imperial Avenue,El Centro,Imperial,CA,92243,San Diego,32.803052,-115.569003,SPC,Dedicated
ECLECTX,Ector County L.E.C.,2500 South Highway 385,Odessa,Ector,TX,79764,El Paso,31.820894,-102.35778,Other,Other/Unknown
ECMCBNY,Erie County Medical Center,462 Grider Street,Buffalo,Erie,NY,14215,Buffalo,42.926623,-78.831963,Hospital,Medical
ECOLOWA,Econolodge Motel,13910 Pacific Highway S.,Tukwila,King,WA,98168,Seattle,47.4786,-122.283502,Hotel,Hotel
ECRMCCA,El Centro Regional Med Ctr,1415 Ross Ave,El Centro,Imperial,CA,92243,San Diego,32.780254,-115.568591,Hospital,Medical
ECTORTX,Ector County Correction Center,2500 South Highway 385,Odessa,Ector,TX,79761,El Paso,31.820894,-102.35778,IGSA,Non-Dedicated
EDCHOLD,Eden Hold Room,702 E Broadway St,Eden,Concho,TX,76837,Dallas,31.216678,-99.833813,Hold,Hold/Staging
EDDCONM,Eddy County Jail,201 North Main Street,Carlsbad,Eddy,NM,88220,El Paso,32.421952,-104.226592,IGSA,Non-Dedicated
EDENDTX,Eden Det Center,702 E Broadway St,Eden,Concho,TX,76837,Dallas,31.21681,-99.83379,BOP,Federal
EDNBGTX,Edinburg Police Dept.,1702 S. Closner Blvd.,Edinburg,Hidalgo,TX,78539,Harlingen,26.285655,-98.1645,Unknown,Other/Unknown
EDNDCTX,Eden Detention Ctr,702 E Broadway St,Eden,Concho,TX,76837,Dallas,31.21681,-99.83379,USMS IGA,Federal
EDNHOLD,Eden Det Ctr Hold Room,704 E Broadway,Eden,Concho,TX,76837,Dallas,31.21681,-99.83379,Hold,Hold/Staging
EFMHMFL,Ed Fraser Memorial Hospital,159 N 3rd St,Macclenny,Baker,FL,32063,Miami,30.285966,-82.118995,Hospital,Medical
EHDLGTX,East Hidalgo Detention Center,1300 E Hwy 107,La Villa,Hidalgo,TX,78562,Harlingen,26.295752,-97.918182,USMS IGA,Federal
EIRHONY,Erie Co Holding Center,40 Delaware Ave,Buffalo,Erie,NY,14202,Buffalo,42.884484,-78.879015,Hold,Hold/Staging
ELBERCO,Elbert County Jail,751 Ute Ave,Kiowa,Elbert,CO,80117,Denver,39.342366,-104.464142,IGSA,Non-Dedicated
ELGPDIL,Elgin Police Dept. Jail,151 Douglas Avenue,Elgin,Kane,IL,60120,Chicago,42.040008,-88.283652,IGSA,Non-Dedicated
ELKHAIN,Elkhart County Jail,26861 County Road 26,Elkhart,Elkhart,IN,46517,Chicago,41.624681,-85.98281,Other,Other/Unknown
ELMORID,Elmore County Jail,2255 E. 8th North,Mountain Home,Elmore,ID,83647,Salt Lake City,43.13684,-115.673131,USMS IGA,Federal
ELPASCO,El Paso County Jail (CO),2739 East Las Vegas,Colorado Springs,El Paso,CO,80906,Denver,38.787881,-104.779131,IGSA,Non-Dedicated
ELPCOTX,El Paso County Jail (TX),12501 Montana Ave,El Paso,El Paso,TX,79938,El Paso,31.809321,-106.255248,IGSA,Non-Dedicated
ELVDFTX,El Valle Detention Facility,1800 Industrial Drive,Raymondville,Willacy,TX,78580,Harlingen,26.469977,-97.76216,DIGSA,Dedicated
ELZICDF,Elizabeth Contract D.F.,625 Evans Street,Elizabeth,Union,NJ,07201,Newark,40.665817,-74.18998,CDF,Dedicated
EMBCRNC,Embassy Suites By Hilton,201 Harrison Oaks Boulevard,Cary,Wake,NC,27513,Atlanta,35.833076,-78.772044,Hotel,Hotel
EMBSATX,Embassy Ste Hltn SNA Ap,,San Antonio,Bexar,TX,00nan,San Antonio,29.45824,-98.556244,Hotel,Hotel
EMBSYCO,Embassy Suites Hotel,4444 Havana St.,Denver,Denver,CO,80239,Denver,39.777757,-104.864928,Hotel,Hotel
EMESACA,East Mesa Detent Facility,446 Alta Rd,San Diego,San Diego,CA,92158,San Diego,32.590883,-116.918068,IGSA,Non-Dedicated
ENLMCCA,Enloe Medical Center,1531 Esplanade,Chico,Butte,CA,95926,San Francisco,39.741888,-121.850212,Hospital,Medical
EPBHSTX,El Paso Behavioral Health System,1900 Denver Ave,El Paso,El Paso,TX,79902,El Paso,31.780742,-106.475535,Hospital,Medical
EPC,El Paso SPC,8915 Montana Ave.,El Paso,El Paso,TX,79925,El Paso,31.793929,-106.369206,SPC,Dedicated
EPCDFTX,El Paso County Detention Facility,601 E Overland Ave,El Paso,El Paso,TX,79901,El Paso,31.758388,-106.483252,Unknown,Other/Unknown
EPCJUVI,El Paso SPC Juvenile,8915 Montana St.,El Paso,El Paso,TX,79925,El Paso,31.793929,-106.369206,Hold,Hold/Staging
EPLTATX,El Paso LTAC Hospital,"1221 N. Cotton, 3rd Floor",El Paso,El Paso,TX,79904,El Paso,31.783843,-106.47433,Hospital,Medical
EPSSFTX,El Paso Soft Sided Facility,12501 Gateway Blvd S,El Paso,El Paso,TX,79934,El Paso,31.969726,-106.372101,Staging,Hold/Staging
ERICONY,Erie County Holding Center,40 Delaware Ave,Buffalo,Erie,NY,14202,Buffalo,42.884484,-78.879015,Hold,Hold/Staging
ERICOPA,"Erie County Jail, PA",1618 Ash Street,Erie,Erie,PA,16503,Philadelphia,42.123951,-80.066948,USMS IGA,Federal
EROFCB,ERO El Paso Camp East Montana,6920 Digital Rd,El Paso,El Paso,TX,79936,El Paso,31.798323,-106.314038,CDF,Dedicated
ESAPAAZ,Extended Stay America Pho Ap,,Phoenix,Maricopa,AZ,00nan,Phoenix,33.448295,-112.072549,Hotel,Hotel
ESHSATX,Embassy Ste Hltn NW I-10,,San Antonio,Bexar,TX,00nan,San Antonio,29.475013,-98.517629,Hotel,Hotel
ESSEXMA,"Essex Co. Jail, Middleton",20 Manning Ave,Middleton,Essex,MA,01949,Boston,42.597422,-70.986258,IGSA,Non-Dedicated
ESSEXNJ,Essex County Jail,354 Doremus Avenue,Newark,Essex,NJ,07105,Newark,40.720952,-74.127118,IGSA,Non-Dedicated
ESSEXNY,Essex County Jail,702 Stowersville Road,Lewis,Essex,NY,12950,Buffalo,44.282356,-73.53643,IGSA,Non-Dedicated
ETOWAAL,Etowah County Jail (AL),827 Forrest Avenue,Gadsden,Etowah,AL,35901,New Orleans,34.013633,-86.010892,USMS IGA,Federal
ETWHOLD,Etowah ERO Hold Room,827 Forrest Avenue,Gadsden,Etowah,AL,35901,New Orleans,34.016577,-86.012367,Hold,Hold/Staging
EUGHOLD,Eugene Holdroom,211 East 7th Avenue,Eugene,Lane,OR,97401,Seattle,44.052698,-123.088991,Hold,Hold/Staging
EULESTX,Euless City Jail,1102 W. Euless Blvd.,Euless,Tarrant,TX,76040,Dallas,32.829048,-97.102204,IGSA,Non-Dedicated
EXTSAAZ,Extended Stay America,,,,AZ,00nan,Phoenix,34.048928,-111.093731,Hotel,Hotel
FAICOVA,Fairfax Co Jail,4110 Chain Bridge Rd,Fairfax,Fairfax City,VA,22030,Washington,38.845049,-77.311622,USMS IGA,Federal
FAULKAR,Faulkner County Jail,801 Locust St.,Conway,Faulkner,AR,72034,New Orleans,35.089184,-92.443602,IGSA,Non-Dedicated
FAULKSD,Faulk County Jail,924 Lafoon Avenue,Faulkton,Faulk,SD,57438,St. Paul,45.033827,-99.126784,IGSA,Non-Dedicated
FAYETKY,Fayette County Detention Center,600 Old Frankford Cr,Lexington,Fayette,KY,40510,Chicago,38.065766,-84.545066,USMS IGA,Federal
FAYHOLD,Fayetteville Hold Room,P.O. Box 1188 2887 N Point Circle,Fayetteville,Washington,AR,72701,New Orleans,35.998093,-94.089991,Hold,Hold/Staging
FCLT8CA,Facility 8 Detention Facility,446 Alta Rd,San Diego,San Diego,CA,92158,San Diego,32.589533,-116.91973,Unknown,Other/Unknown
FCOHOLD,Frederick Holdroom,3770 Puritan Way,Frederick,Weld,CO,80516,Denver,40.082075,-104.98491,Hold,Hold/Staging
FDLHOLD,Ferndale Hold Room,,Ferndale,Whatcom,WA,00nan,Seattle,48.847156,-122.592346,Hold,Hold/Staging
FERRYWA,Ferry County Jail,165 North Jefferson,Republic,Ferry,WA,99166,Seattle,48.649677,-118.734045,IGSA,Non-Dedicated
FINNEKS,Finney County Jail,304 N. 9th Street,Garden City,Finney,KS,67846,Chicago,37.967699,-100.876008,IGSA,Non-Dedicated
FIPCAGA,Annex Folkston IPC,3424 Highway 252 East,Folkston,Charlton,GA,31537,Atlanta,30.871384,-81.981106,DIGSA,Dedicated
FIPCDGA,Folkston D Ray ICE Processing Ctr,3262 Highway 252,Folkston,Charlton,GA,31537,Atlanta,30.873799,-81.979508,DIGSA,Dedicated
FIPCMGA,Folkston Main IPC,3026 Hwy 252 East,Folkston,Charlton,GA,31537,Atlanta,30.876326,-81.978016,DIGSA,Dedicated
FLATHMT,Flathead County Jail,800 South Main,Kalispell,Flathead,MT,59901,Salt Lake City,48.18914,-114.311264,IGSA,Non-Dedicated
FLBAKCI,Baker C. I.,20706 U.S. Highway 90 West,Sanderson,Baker,FL,32087,Miami,30.214485,-82.374404,State,Other/Unknown
FLBHCFL,Ft Lauderdale Behavor Hlth Ctr,5757 N Dixie Hwy,Oakland Park,Broward,FL,33334,Miami,26.197372,-80.13344,Hospital,Medical
FLBREVC,Brevard Correctional,860 Camp Road,Cocoa,Brevard,FL,32927,Miami,28.448135,-80.781543,Other,Other/Unknown
FLCHACI,"Charlotte CI, Punta Gorda",33123 Oil Well Road,Punta Gorda,Charlotte,FL,33955,Miami,26.804489,-81.903504,Unknown,Other/Unknown
FLDADCI,Dade Correctional Inst,19000 S.W. 377th Street,Florida City,Miami-Dade,FL,33034,Miami,25.415396,-80.499939,Unknown,Other/Unknown
FLDSSFS,Florida Soft-Sided Facility-South,54575 Tamiami Trail E,Ochopee,Collier,FL,34141,Miami,25.901533,-81.30477,,Dedicated
FLGLRFL,Flagler County Jail,1001 Justice Lane,Bunnell,Flagler,FL,32110,Miami,29.452338,-81.256133,IGSA,Non-Dedicated
FLHOSFL,Fort Lauderdale Hospital,1601 E Las Olas Blvd,Fort Lauderdale,Broward,FL,33301,Miami,26.119671,-80.126777,Hospital,Medical
FLMARIC,Marion Correctional Inst.,3269 NW 105th Street,Ocala,Marion,FL,34475,Miami,29.306032,-82.176842,Other,Other/Unknown
FLO,Florence SPC,3250 North Pinal Parkway,Florence,Pinal,AZ,85132,Phoenix,33.064284,-111.382416,SPC,Dedicated
FLORHAZ,Florence Hospital,4545 N Hunt Highway,Florence,Pinal,AZ,85132,Phoenix,33.073212,-111.485442,Hospital,Medical
FLOYDGA,Floyd County Jail,2526 New Calhoun Highway ,Rome,Floyd,GA,30161,Atlanta,34.28004,-85.141553,USMS IGA,Federal
FLSPSTA,"Florida St. Pris.,Starke",23916 NW 83rd Avenue,Raiford,Union,FL,32026,Miami,30.057992,-82.182589,Unknown,Other/Unknown
FMYHOLD,Fort Myers ERO Holdroom,8860 Salrose Lane,Fort Myers,Lee,FL,33912,Miami,26.548482,-81.810945,Hold,Hold/Staging
FNDDUWI,Fond Du Lac County Sheriff/Jail,63 Western Ave,Fond Du Lac,Fond Du Lac,WI,54935,Chicago,43.773417,-88.449352,Unknown,Other/Unknown
FORSYNC,Forsyth County Jail,201 North Church Street,Winston-Salem,Forsyth,NC,27101,Atlanta,36.09689,-80.242328,USMS IGA,Federal
FPSSAWA,Four Pts Sheraton Sea Ap,,Des Moines,King,WA,00nan,Seattle,47.401766,-122.32429,Hotel,Hotel
FRACOVT,"Franklin County Jail, VT",30 Lincoln Avenue,Saint Albans,Franklin,VT,05478,Boston,44.811112,-73.080622,IGSA,Non-Dedicated
FRANKNC,Franklin County Detention Center,285 T KEMP RD,Louisburg,Franklin,NC,27549,Atlanta,36.09442,-78.31956,IGSA,Non-Dedicated
FRANKPA,Franklin County Jail,1804 Opportunity Avenue ,Chambersburg,Franklin,PA,17201,Philadelphia,40.001549,-77.64441,USMS IGA,Federal
FRANKWA,Franklin County,1016 N 4th St,Pasco,Franklin,WA,99301,Seattle,46.23723,-119.095795,IGSA,Non-Dedicated
FRDHOLD,Frederick Holdroom,3770 Puritan Way,Frederick,Weld,CO,80516,Denver,40.082075,-104.98491,Hold,Hold/Staging
FRECOCA,Fresno County Jail,2200 Fresno Street,Fresno,Fresno,CA,93721,San Francisco,36.738211,-119.789761,IGSA,Non-Dedicated
FREDEMD,Frederick County Det. Cen,7300 Marcie's Choice Lane,Frederick,Frederick,MD,21704,Baltimore,39.365882,-77.413076,IGSA,Non-Dedicated
FREEBMN,"Freeborn County Jail, MN",411 South Broadway Avenue,Albert Lea,Freeborn,MN,56007,St. Paul,43.645982,-93.3681,IGSA,Non-Dedicated
FREESTX,Freestone County Jail,102 E Main St,Fairfield,Freestone,TX,75840,Houston,31.726299,-96.159672,IGSA,Non-Dedicated
FREHOLD,Fresno Holdroom,733 L Street,Fresno,Fresno,CA,93721,San Francisco,36.732698,-119.785602,Hold,Hold/Staging
FREMOCO,"Fremont County Jail, CO",100 Justice Center Road,Canon City,Fremont,CO,81212,Denver,38.446248,-105.182383,IGSA,Non-Dedicated
FREMOWY,"Fremont County Jail, WY",450 North 2nd Street,Lander,Fremont,WY,82520,Denver,42.836069,-108.7264,IGSA,Non-Dedicated
FRFLDWY,Fairfield Inn & Suites,1820 W Lincolnway,Cheyenne,Laramie,WY,82001,Denver,41.125187,-104.835192,Hotel,Hotel
FRIOCTX,Frio County Jail,502 S Cedar St,Pearsall,Frio,TX,78061,San Antonio,28.886622,-99.091411,IGSA,Non-Dedicated
FRIRHTX,Frio Regional Hospital,200 Ih-35 South,Pearsall,Frio,TX,78061,San Antonio,28.896029,-99.117339,Hospital,Medical
FRMVLVA,ICA - Farmville,508 Waterworks Road,Farmville,Prince Edward,VA,23901,Washington,37.323853,-78.437028,DIGSA,Dedicated
FSAHOLD,Fort Smith Holdroom,4991 Old Greenwood Rd,Fort Smith,Sebastian,AR,72903,New Orleans,35.335482,-94.3892,Hold,Hold/Staging
FSF,Florence Staging Facility,3250 North Pinal Parkway,Florence,Pinal,AZ,85132,Phoenix,33.063958,-111.379444,Staging,Hold/Staging
FULCJIN,Fulton Co Jail Indiana,2006 Sweetgum Rd,Rochester,Fulton,IN,46975,Chicago,41.052251,-86.231741,USMS IGA,Federal
FXADCVA,Fairfax Co. Adult Detention Center,10520 Judicial Drive,Fairfax,Fairfax City,VA,22030,Washington,38.843958,-77.311306,IGSA,Non-Dedicated
GADRYJM,D. Ray James Prison,3262 Highway 252,Folkston,Charlton,GA,31537,Atlanta,30.873799,-81.979508,BOP,Federal
GALLAMT,Gallatin County Jail,615 South 16th Street,Bozeman,Gallatin,MT,59715,Salt Lake City,45.673361,-111.059518,IGSA,Non-Dedicated
GALVETX,Galveston County Sheriff,5700 Avenue H,Galveston,Galveston,TX,77551,Houston,29.294417,-94.821236,,Non-Dedicated
GARVIOK,Garvin County Jail,201 West Grant Avenue,Pauls Valley,Garvin,OK,73075,Dallas,34.740584,-97.222192,IGSA,Non-Dedicated
GASTNNC,Gaston County Jail,425 North Marietta Street,Gastonia,Gaston,NC,28052,Atlanta,35.267527,-81.183553,IGSA,Non-Dedicated
GCLECOK,Grady County Law Enforcement Ctr,215 North 3rd Street,Chickasha,Grady,OK,73018,Dallas,35.053244,-97.93644,Unknown,Other/Unknown
GCPFCKS,Garden City Processing @ Finney Co,304 N. 9th Street,Garden City,Finney,KS,67846,Chicago,37.967657,-100.875929,Unknown,Other/Unknown
GEAUGOH,Geauga County Jail,12450 Merritt Dr,Chardon,Geauga,OH,44024,Detroit,41.504675,-81.191562,USMS IGA,Federal
GENESNY,Genesee County Jail,14 W. Main Street,Batavia,Genesee,NY,14020,Buffalo,43.00845,-78.22544,USMS IGA,Federal
GFCORND,Grand Forks County Correc,1701 North Washington St,Grand Forks,Grand Forks,ND,58206,St. Paul,47.935621,-97.057626,USMS IGA,Federal
GFJUVND,Grand Forks Co. Juvenile,1701 North Washington St,Grand Forks,Grand Forks,ND,58206,St. Paul,47.935621,-97.057626,Juvenile,Family/Youth
GIJUVAZ,Gila County Juvenile Det Center,1425 E. South Street,Globe,Gila,AZ,85501,Phoenix,33.394715,-110.770976,Juvenile,Family/Youth
GJCHOLD,Grand Junction Holdroom,571 S. Commercial Drive,Grand Junction,Mesa,CO,81501,Denver,39.087187,-108.585867,Hold,Hold/Staging
GLADEFL,Glades County Detention Center,1297 East Sr 78,Moore Haven,Glades,FL,33471,Miami,26.838647,-81.12405,IGSA,Non-Dedicated
GLDSACA,Golden State Annex,611 Frontage Road,Mcfarland,Kern,CA,93250,San Francisco,35.670052,-119.228031,CDF,Dedicated
GLEPDCA,Glendale Police Dept,131 North Isabel Street,Glendale,Los Angeles,CA,91206,Los Angeles,34.147134,-118.248959,IGSA,Non-Dedicated
GLOUCNJ,Gloucester County Jail,70 Hunter Street,Woodbury,Gloucester,NJ,08096,Newark,39.839929,-75.149545,IGSA,Non-Dedicated
GMHATGA,Grady Memorial Hospital,80 Jesse Hill Jr Dr SE,Atlanta,Fulton,GA,30303,Atlanta,33.751786,-84.382011,Hospital,Medical
GOODCID,Gooding County Jail,624 Main St.,Gooding,Gooding,ID,83330,Salt Lake City,42.938991,-114.712201,Unknown,Other/Unknown
GOSHEWY,Goshen County Jail,2120 E B St,Torrington,Goshen,WY,82240,Denver,42.065317,-104.181996,IGSA,Non-Dedicated
GPCHOLD,Great Plains CI Holdroom,700 Sugar Creek Road,Hinton,Caddo,OK,73047,Dallas,35.446893,-98.367644,Hold,Hold/Staging
GRAHAAZ,Graham Co Jail Safford AZ,523 10th Ave,Safford,Graham,AZ,85546,Phoenix,32.834017,-109.718476,Unknown,Other/Unknown
GRANTOR,Grant County Jail,Grant County Jail,Canyon City,Grant,OR,97820,Seattle,44.3896,-118.950232,IGSA,Non-Dedicated
GRANTWA,Grant County,35 C St N.W.,Ephrata,Grant,WA,98823,Seattle,47.322103,-119.554216,IGSA,Non-Dedicated
GRAYSKY,Grayson County Detention Center,320 Shaw Station Road,Leitchfield,Grayson,KY,42754,Chicago,37.489035,-86.270533,USMS IGA,Federal
GREENMA,Franklin House of Corrections,160 Elm Street,Greenfield,Franklin,MA,01301,Boston,42.596401,-72.612532,USMS IGA,Federal
GREENMO,Greene County Jail,929 N. Robberson,Springfield,Greene,MO,65802,Chicago,37.218019,-93.291279,USMS IGA,Federal
GRFHOLD,Grand Forks Hold Room,124 North 6th Street,Grand Forks,Grand Forks,ND,58203,St. Paul,47.924277,-97.035351,Hold,Hold/Staging
GRIHOLD,Grand Island Hold Room,220 N. Walnut Street,Grand Island,Hall,NE,68801,St. Paul,40.924202,-98.343236,Hold,Hold/Staging
GRMHOLD,Grand Rapids Holdroom,517 Ottawa Ave NW,Grand Rapids,Kent,MI,49503,Detroit,42.972654,-85.670526,Hold,Hold/Staging
GRRHOLD,Greer Hold Room,501 Pennsylvania Ave,Greer,Greenville,SC,29650,Atlanta,34.939305,-82.246971,Hold,Hold/Staging
GRYDCKY,Grayson County Det Center (Female),320 Shaw Station Road,Leitchfield,Grayson,KY,42754,Chicago,37.489035,-86.270533,USMS IGA,Federal
GSAMHCA,Good Samaritan Hospital,2425 Samaritan Dr,San Jose,Santa Clara,CA,95124,San Francisco,37.251697,-121.946693,Hospital,Medical
GSCHOLD,Glenwood Springs Holdroom,100 Midland Avenue,Glenwood Springs,Garfield,CO,81601,Denver,39.558274,-107.358258,Hold,Hold/Staging
GSMCDPA,Geisinger Medical Center,100 N Academy Ave,Danville,Montour,PA,17822,Philadelphia,40.967351,-76.606379,Hospital,Medical
GTMOACU,JTF Camp Six,Avenue C Psc 1005 Box 55,FPO,,CU,,Miami,,,DOD,Federal
GTMOBCU,Migrant Ops Center East,Avenue C Psc 1005 Box 55,FPO,,CU,,Miami,,,DOD,Federal
GTMODCU,Migrant Ops Center Main Av622,Avenue C Psc 1005 Box 55,FPO,,CU,,Miami,,,MOC,Federal
GUADATX,Guadalupe Cty Jail,2615 N Guadalupe St,Seguin,Guadalupe,TX,78155,San Antonio,29.602812,-97.969838,IGSA,Non-Dedicated
GUDOCHG,Dept Of Corrections-Hagatna,203 Aspinall Avenue,Hagatna,Guam,GU,96910,San Francisco,13.474307,144.750523,USMS IGA,Federal
GWINNGA,Gwinnett County Jail,2900 University Parkway,Lawrenceville,Gwinnett,GA,30043,Atlanta,33.982183,-83.977528,IGSA,Non-Dedicated
HACMCNJ,Hackensack Med Ctr,30 Prospect Avenue,Hackensack,Bergen,NJ,07601,Newark,40.884034,-74.056542,Hospital,Medical
HACTCND,Heart Of America Corr,110 Industrial Rd,Rugby,Pierce,ND,58368,St. Paul,48.37364,-99.977576,Unknown,Other/Unknown
HAILEID,Haile Det. Center,1115 Albany,Caldwell,Canyon,ID,83605,Salt Lake City,43.665091,-116.681781,IGSA,Non-Dedicated
HALLJGA,Hall Co Jail,1700 Barber Road,Gainesville,Hall,GA,30507,Atlanta,34.238633,-83.812784,USMS IGA,Federal
HAMILTN,Hamilton Co. Jail (Tenn),601 Justice Way,Chattanooga,Hamilton,TN,37421,New Orleans,35.052486,-85.133314,,Non-Dedicated
HAMILTX,Hamilton County Jail (TX),1108 S Rice St,Hamilton,Hamilton,TX,76531,Houston,31.691992,-98.128735,Unknown,Other/Unknown
HAMPDMA,Hampden Co.House Of Corr.,627 Randall Road,Ludlow,Hampden,MA,01056,Boston,42.204634,-72.510482,IGSA,Non-Dedicated
HAMPITX,Hampton Inn Pearsall,,Pearsall,Frio,TX,00nan,San Antonio,28.892194,-99.095033,Family Staging,Family/Youth
HARDEFL,Hardee County Jail,900 East Summit Street,Wauchula ,Hardee,FL,33873,Miami,27.543178,-81.801786,Unknown,Other/Unknown
HARDJIA,Hardin Co Jail,1116 14th Avenue,Eldora,Hardin,IA,50627,St. Paul,42.360042,-93.097467,USMS IGA,Federal
HARFOCT,Hartford Corr Center,177 Weston Street,Hartford,Hartford,CT,06120,Boston,41.793534,-72.661542,IGSA,Non-Dedicated
HARHOLD,Hartford Office,450 Main Street,Hartford,Hartford,CT,06103,Boston,41.761459,-72.683975,Hold,Hold/Staging
HARRIGA,Harris County Jail,"Hwy 116 E, Po Box 286",Hamilton,Harris,GA,31811,Atlanta,32.757911,-84.874931,IGSA,Non-Dedicated
HARRIMS,Harrison Detention Center,10451 Larkin Smith Drive,Gulfport,Harrison,MS,39503,New Orleans,30.439173,-89.054679,,Non-Dedicated
HASHENE,Hall County Sheriff,110 Public Safety Drive,Grand Island,Hall,NE,68801,St. Paul,40.927667,-98.327245,USMS IGA,Federal
HASKLTX,Rolling Plains Detention Center,118 County Road 206,Haskell,Haskell,TX,79521,Dallas,33.177109,-99.72139,USMS IGA,Federal
HASMHTX,Haskell Memorial Hospital,1 Avenue N,Haskell,Haskell,TX,79521,Dallas,33.157329,-99.744659,Hospital,Medical
HAVACTX,Hotel Ava Casa Do Tranquilidade,,Laredo,Webb,TX,00nan,Harlingen,27.503561,-99.507552,Family Staging,Family/Youth
HAVMCWA,Harborview Medical Center,325 9th Ave Main Hospital,Seattle,King,WA,98104,Seattle,47.603917,-122.323905,Hospital,Medical
HBGHOLD,Harrisonburg Hold Room,263 Neff Ave.,Harrisonburg,Harrisonburg City,VA,22801,Washington,38.427112,-78.849559,Hold,Hold/Staging
HCAFMFL,HCA Florida Memorial Hospital,3625 University Blvd S,Jacksonville,Duval,FL,32216,Miami,30.28813,-81.601497,Hospital,Medical
HCAHCTX,HCA Houston Hc Conroe,504 Medical Center Blvd,Conroe,Montgomery,TX,77304,Houston,30.284569,-95.467713,Hospital,Medical
HCPSCMS,Hancock Co Pub Sfty Cplx,8450 Us-90,Bay St. Louis,Hancock,MS,39520,New Orleans,30.302505,-89.476285,IGSA,Non-Dedicated
HCPSYTX,Harris County Psychiatric Center,2800 S MacGregor Way,Houston,Harris,TX,77021,Houston,29.712117,-95.374484,Hospital,Medical
HDHSPNV,Henderson Hospital,1050 W Galleria Dr,Henderson,Clark,NV,89011,Salt Lake City,36.07276,-115.030363,Hospital,Medical
HDLGOTX,Hidalgo Police Dept.,211 E. Esperanza Avenue,Hidalgo,Hidalgo,TX,78557,Harlingen,26.100246,-98.260257,Unknown,Other/Unknown
HELHOLD,Hel District Custody,805 Colleen Street,Helena,Lewis And Clark,MT,59601,Salt Lake City,46.593922,-111.973774,Hold,Hold/Staging
HENDENC,Henderson County Det. Fac.,375 1st Avenue East,Hendersonville,Henderson,NC,28792,Atlanta,35.315857,-82.456004,IGSA,Non-Dedicated
HENDENV,Henderson Detention,18 E Basic Road,Henderson,Clark,NV,89015,Salt Lake City,36.031054,-114.97869,USMS IGA,Federal
HENDETX,Henderson County Jail,206-A North Murchison Street,Athens,Henderson,TX,75751,Dallas,32.207811,-95.845746,IGSA,Non-Dedicated
HENDRFL,Hendry County Jail,101 South Bridge Street,Labelle,Hendry,FL,33935,Miami,26.760509,-81.436633,IGSA,Non-Dedicated
HENHOLD,Hendersonville Hold Room,518 6th Ave W,Hendersonville,Henderson,NC,28792,Atlanta,35.318755,-82.467828,Hold,Hold/Staging
HENRIVA,Henrico County Jail,17320 New Kent Hwy,Barhamsville,New Kent,VA,23011,Washington,37.495083,-76.861039,,Non-Dedicated
HERNAFL,Hernando County Jail,16425 Spring Hill Drive,Brooksville,Hernando,FL,34604,Miami,28.483533,-82.451154,IGSA,Non-Dedicated
HESPCAZ,Holiday Inn Express Casa De La Luz,,Phoenix,Maricopa,AZ,00nan,Phoenix,33.448295,-112.072549,Family Staging,Family/Youth
HHBTHTX,Harris Health Ben Taub Hospital,1504 Taub Loop,Houston,Harris,TX,77030,Houston,29.710813,-95.394213,Hospital,Medical
HHCHKTX,Houston Healthcare Hosp,1313 Hermann Dr,Houston,Harris,TX,77004,Houston,29.72272,-95.387543,Hospital,Medical
HHWHOLD,INS District Office,595 Ala Moana Blvd,Honolulu,Honolulu,HI,96813,San Francisco,21.299929,-157.863894,Hold,Hold/Staging
HICOJFL,Hillsborough County Jail,1201 North Orient Road,Tampa,Hillsborough,FL,33619,Miami,27.959392,-82.372072,IGSA,Non-Dedicated
HIDALNM,Hidalgo County Detention Center,83 Old Highway 70,Lordsburg,Hidalgo,NM,88045,El Paso,32.337591,-108.666262,IGSA,Non-Dedicated
HIDALTX,Hidalgo County Jail,3100 South Hwy 281,Edinburg,Hidalgo,TX,78539,Harlingen,28.347474,-98.127835,IGSA,Non-Dedicated
HIELPTX,Holiday Inn Express & Suites,,El Paso,El Paso,TX,00nan,El Paso,31.761878,-106.485022,Hotel,Hotel
HIESATX,Holiday Inn Exp San Antonio,,San Antonio,Bexar,TX,00nan,San Antonio,29.42519,-98.494592,Hotel,Hotel
HIESPAZ,Holiday Inn Exp Phoenix,,Phoenix,Maricopa,AZ,00nan,Phoenix,33.448295,-112.072549,Hotel,Hotel
HIEXSTX,Holiday Inn Expr & Stes Pearsall,,Pearsall,Frio,TX,00nan,San Antonio,28.892194,-99.095033,Hotel,Hotel
HILLCMT,Hill County Justice Center,1450 2nd Street West,Havre,Hill,MT,59501,Salt Lake City,48.552451,-109.707171,USMS IGA,Federal
HIPANAZ,Hampton Inn Pho Airport N,601 N 44th St,Phoenix,Maricopa,AZ,85008,Phoenix,33.455051,-111.986579,Hotel,Hotel
HIPDBAZ,Holiday Inn Pho Dwtn Ballpark,,Phoenix,Maricopa,AZ,00nan,Phoenix,33.451717,-112.074464,Hotel,Hotel
HIRAYTX,Holiday Inn Express & Suites,,,Unknown,TX,00nan,Unknown,31.968599,-99.901813,Hotel,Hotel
HISAXLA,Hampton Inn & Stes Alexandria,,Alexandria,Rapides,LA,00nan,New Orleans,31.311294,-92.445137,Hotel,Hotel
HISDBCA,Holiday Inn SND Bayside,,San Diego,San Diego,CA,00nan,San Diego,32.773514,-117.250149,Hotel,Hotel
HISEPTX,Hampton Inn & Stes Elp Ap,,El Paso,El Paso,TX,00nan,El Paso,31.761878,-106.485022,Hotel,Hotel
HISMCTX,Hampton Inn & Stes Mcallen,10 W Expressway 83,Mcallen,Hidalgo,TX,78501,Harlingen,26.18891,-98.221515,Hotel,Hotel
HISPAAZ,Holiday Inn & Ste Pho Ap,,Phoenix,Maricopa,AZ,00nan,Phoenix,33.448295,-112.072549,Hotel,Hotel
HLFRJVA,B.R.R.J. Halifax,1010 Blue Ridge Lane,Halifax,Halifax,VA,24558,Washington,36.764903,-78.930125,,Non-Dedicated
HLGHOLD,Harlingen Hold Room,1717 Zoy Street,Harlingen,Cameron,TX,78550,Harlingen,26.177321,-97.714346,Hold,Hold/Staging
HLYCHIL,Holy Cross Hospital,2701 W 68th St,Chicago,Cook,IL,60629,Chicago,41.769115,-87.692431,Hospital,Medical
HMCHOTX,Harlingen Medical Center,5501 S Expressway 71,Harlingen,Cameron,TX,78550,Harlingen,26.157459,-97.675357,Hospital,Medical
HNDMCTX,Hendrick Medical Center,1900 Pine St,Abilene,Taylor,TX,79601,Dallas,32.472018,-99.733178,Hospital,Medical
HNRMCFL,Henry Regional Medical Center,524 W Sagamore Avenue,Clewiston,Hendry,FL,33440,Miami,26.753385,-80.941466,Hospital,Medical
HNYHOMI,Henry Ford Hospital,2799 W Grand Blvd,Detroit,Wayne,MI,48202,Detroit,42.367743,-83.084714,Hospital,Medical
HOKLYTX,Hockley County Jail,1310 Avenue H,Levelland,Hockley,TX,79336,Dallas,33.578205,-102.378654,IGSA,Non-Dedicated
HOLIETX,Holiday Inn Exp SNA Ap,,San Antonio,Bexar,TX,00nan,San Antonio,29.42519,-98.494592,Hotel,Hotel
HOSPSPR,Hospital Pavia-Santurce,1462 Asia St Po Box 11137,San Juan,San Juan,PR,00909,Miami,18.444934,-66.069667,Hospital,Medical
HOTELMA,Ramada Hotel,225 McClellan Highway,East Boston,Suffolk,MA,02128,Boston,42.387332,-71.016303,Hotel,Hotel
HOUHOLD,Houston FO Holdroom,5520 Greens Rd.,Houston,Harris,TX,77032,Houston,29.951772,-95.311689,Hold,Hold/Staging
HOUICDF,Houston Contract Det.Fac.,15850 Export Plaza Drive,Houston,Harris,TX,77032,Houston,29.949781,-95.312269,CDF,Dedicated
HOWARMD,Howard County Det Cntr,7301 Waterloo Road,Jessup,Howard,MD,20794,Baltimore,39.169444,-76.781821,IGSA,Non-Dedicated
HPKNSKY,Hopkins County Jail,2250 Laffoon Trail,Madisonville,Hopkins,KY,42431,Chicago,37.337747,-87.539913,USMS IGA,Federal
HRLGNTX,Harlingen Police Dept.,1018 Fair Park,Harlingen,Cameron,TX,78550,Harlingen,26.200271,-97.705757,Unknown,Other/Unknown
HRREGVA,Hampton Roads Regional Jail,2690 Elmhurst Lane,Portsmouth,Portsmouth City,VA,23701,Washington,36.808416,-76.363871,USMS IGA,Federal
HSELPTX,Hawthorn Stes El Paso Airp,,El Paso,El Paso,TX,00nan,El Paso,31.761878,-106.485022,Hotel,Hotel
HSF,Harlingen Staging Facility,1102 South Commerce Street,Harlingen,Cameron,TX,78550,Harlingen,26.180927,-97.685383,Staging,Hold/Staging
HTLPPTX,Hotel Pharr Plaza,,Pharr,Hidalgo,TX,00nan,Harlingen,26.194796,-98.183622,Hotel,Hotel
HUDSONJ,Hudson County Jail,30-35 Hackensack Ave.,Kearny,Hudson,NJ,07032,Newark,40.726889,-74.106313,IGSA,Non-Dedicated
HUDSPTX,Hudspeth County Jail,525 North Wilson Avenue,Sierra Blanca,Hudspeth,TX,79851,El Paso,31.181228,-105.357918,IGSA,Non-Dedicated
IAHSFTX,George Bush Intercontinental,2800 N. Terminal Road,Houston,Harris,TX,77032,Houston,29.993106,-95.341626,Staging,Hold/Staging
IBPSMIA,Miami Border Patrol,51 SW 1st Ave,Miami,Miami-Dade,FL,33130,Miami,25.773717,-80.195134,Unknown,Other/Unknown
IFIHOLD,Idaho Falls Hold Room,2075 North Boulevard,Idaho Falls,Bonneville,ID,83401,Salt Lake City,43.514731,-112.033938,Hold,Hold/Staging
ILPICKN,Pinckneyville Correctional Center,5835 State Route 154,Pinckneyville,Perry,IL,62274,Chicago,38.084506,-89.327717,Unknown,Other/Unknown
IMPCOCA,Imperial County Jail,328 Applestill Road,El Centro,Imperial,CA,92243,San Diego,32.748312,-115.563343,IGSA,Non-Dedicated
IMPHOLD,Imperial Sub Office Hold Room,,Calexico,Imperial,CA,00nan,San Diego,32.678948,-115.498883,Hold,Hold/Staging
INDCMIC,IN Dept. Of Corrections,302 W Washington Street IGCS Room E334,Indianapolis,Marion,IN,46204,Chicago,39.767985,-86.165241,Unknown,Other/Unknown
INDMPIN,Indianapolis Metropolitan PD,50 Alabama St,Indianapolis,Marion,IN,46204,Chicago,39.767939,-86.153011,Unknown,Other/Unknown
INMIAMI,Miami Correctional Center,3038 West 850 South P.O. Box 900,Bunkerhill,Miami,IN,46914,Chicago,40.644835,-86.133493,IGSA,Non-Dedicated
INPHOLD,Indianapolis Hold Room,40 South Alabama Street,Indianapolis,Marion,IN,46204,Chicago,39.765979,-86.153157,Hold,Hold/Staging
INTPOOK,Integris Health Ponca City Hospita,1900 N 14th St,Ponca City,Kay,OK,74601,Dallas,36.724724,-97.0685,Hospital,Medical
IRADFCA,Imperial Regional Adult Det Fac,1572 Gateway,Calexico,Imperial,CA,92231,San Diego,32.690116,-115.397536,CDF,Dedicated
IRONCUT,"Iron County, UT State Cor",2136 N Main St,Cedar City,Iron,UT,84721,Salt Lake City,37.716248,-113.058634,,Non-Dedicated
IRWINGA,Irwin County Detention Center,132 Cotton Drive,Ocilla,Irwin,GA,31772,Atlanta,31.57982,-83.255364,USMS IGA,Federal
ISHOSNY,"Beth Israel Hospital, Manhattan",305 1st Avenue # Dazian 7,New York,New York,NY,10003,New York,40.733188,-73.982091,Hospital,Medical
IWAHOLD,AZ Rem Op Coord Center (AROCC),130 N Robson,Mesa,Maricopa,AZ,85201,Phoenix,33.4184,-111.837261,Hold,Hold/Staging
JACKSOR,Jackson Co Jail,787 West 8th Street,Medford,Jackson,OR,97501,Seattle,42.322219,-122.878346,USMS IGA,Federal
JACKSTN,Jackson County Sheriff,620 Hospital Dr,Gainesboro,Jackson,TN,38562,New Orleans,36.348705,-85.65613,Unknown,Other/Unknown
JAJUVOR,Jackson County Juvenile,609 West 10th Street,Medford,Jackson,OR,97501,Seattle,42.321086,-122.877688,Juvenile,Family/Youth
JAKHOLD,Jackson MS Hold Room,202 Metroplex Blvd,Pearl,Rankin,MS,39208,New Orleans,32.29026,-90.059706,Hold,Hold/Staging
JAMESGA,Main Folkston IPC Drjames,3423 Highway 252 East,Folkston,Charlton,GA,31537,Atlanta,30.871384,-81.981106,DIGSA,Dedicated
JAXHOLD,Jacksonville Sub-Office,4121 Southpoint Blvd,Jacksonville,Duval,FL,32216,Miami,30.25667,-81.590004,Hold,Hold/Staging
JCRLYTX,Joe Corley Processing Ctr,500 Hilbig Rd,Conroe,Montgomery,TX,77301,Houston,30.33589,-95.44786,IGSA,Non-Dedicated
JEFFECO,Jefferson County Jail,200 Jefferson County Parkway,Golden,Jefferson,CO,80401,Denver,39.730552,-105.202109,IGSA,Non-Dedicated
JEFFEID,Jefferson County Jail,219 East Fremont Ave,Rigby,Jefferson,ID,83442,Salt Lake City,43.67928,-111.91101,IGSA,Non-Dedicated
JEFFEIL,Jefferson County Jail,911 Casey Avenue,Mount Vernon,Jefferson,IL,62864,Chicago,38.31426,-88.902674,IGSA,Non-Dedicated
JEFFEKS,Jefferson County Jail,1360 Walnut Street,Oskaloosa,Jefferson,KS,66066,Chicago,39.207175,-95.311575,USMS IGA,Federal
JEFFEMT,Jefferson County Jail,110 South Washington Street,Boulder,Jefferson,MT,59632,Salt Lake City,46.235033,-112.121574,USMS IGA,Federal
JEFFENY,Jefferson County Jail,753 Waterman Drive,Watertown,Jefferson,NY,13601,Buffalo,43.972783,-75.927722,IGSA,Non-Dedicated
JEFFETX,Jefferson County Jail,1001 Pearl Street,Beaumont,Jefferson,TX,77701,Houston,30.079267,-94.093447,IGSA,Non-Dedicated
JENADLA,Lasalle ICE Processing Center,830 Pinehill Road,Jena,Lasalle,LA,71342,New Orleans,31.709481,-92.152448,DIGSA,Dedicated
JENATLA,Alexandria Staging Facility,1511 Arnold Drive,Alexandria,Rapides,LA,71303,New Orleans,31.317668,-92.536472,Staging,Hold/Staging
JENNIMO,Jennings City Jail,5445 Jennings Station Road,Jennings,St. Louis,MO,63136,Chicago,38.710922,-90.266576,USMS IGA,Federal
JFKTSNY,JFK International Ap - T7,Terminal 7,Jamaica,Queens,NY,11430,New York,40.64823,-73.78315,Other,Other/Unknown
JHALLCA,San Diego County Juv.Hall,2801 Meadowlark Drive,San Diego,San Diego,CA,92123,San Diego,32.793775,-117.153552,Juvenile,Family/Youth
JHMCJNY,Jamaica Hospital Med Ctr,8900 Vanwyck Expressway ,Richmond Hill,Queens,NY,11418,New York,40.700239,-73.816003,Hospital,Medical
JHRWLTX,Jack Harwell Detention Center,3101 Marlin Hwy,Waco,Mclennan,TX,76705,Houston,31.549304,-97.081435,USMS IGA,Federal
JKPCCLA,Jackson Parish Correctional Center,327 Industrial Drive,Jonesboro,Jackson,LA,71251,New Orleans,32.215157,-92.715864,IGSA,Non-Dedicated
JMHOSFL,Jackson Memorial Hospital,1611 N.W. 12th Ave,Miami,Miami-Dade,FL,33136,Miami,25.791812,-80.21258,Hospital,Medical
JOHNSTX,Johnson County Jail,1800 Ridgemar Drive,Cleburne,Johnson,TX,76031,Dallas,32.374854,-97.389616,IGSA,Non-Dedicated
JOSEPOR,Josephine Co. Jail,1901 Northeast F Street,Grants Pass,Josephine,OR,97526,Seattle,42.433312,-123.303513,USMS IGA,Federal
JYCMCNJ,Jersey City Med Ctr,355 Grand Street,Jersey City,Hudson,NJ,07302,Newark,40.716302,-74.050392,Hospital,Medical
KANDIMN,Kandiyohi Co. Jail,2201 23rd St NE,Willmar,Kandiyohi,MN,56201,St. Paul,45.146077,-95.013719,IGSA,Non-Dedicated
KANECIL,Kane County Jail,37W55 Illinois Route 38,St Charles,Kane,IL,60175,Chicago,41.899687,-88.355624,Unknown,Other/Unknown
KANHOLD,Kansas City Holdroom,9747 NW Conant Avenue,Kansas City,Platte,MO,64101,Chicago,39.268664,-94.675575,Hold,Hold/Staging
KANKEIL,Kankakee County Jail,3050 Justice Way,Kankakee,Kankakee,IL,60901,Chicago,41.07568,-87.858121,USMS IGA,Federal
KARNETX,Karnes Cty Corr Ctr,810 Commerce St,Karnes City,Karnes,TX,78118,San Antonio,28.884014,-97.912154,USMS IGA,Federal
KCCDCTX,Karnes County Civil Det. Facility,Fm 1144 At Us Highway 181,Karnes City,Karnes,TX,78118,San Antonio,28.87029,-97.90074,DIGSA,Dedicated
KCHOSNY,Kings County Hospital,451 Clarkson Ave.,Brooklyn,Kings,NY,11203,New York,40.6565,-73.9426,Hospital,Medical
KCOJFOK,Kay Co Justice Facility,1101 West Dry Road,Newkirk,Kay,OK,74647,Dallas,36.867859,-97.069162,IGSA,Non-Dedicated
KENOSWI,Kenosha County Jail,4777 88th Avenue,Kenosha,Kenosha,WI,53144,Chicago,42.594293,-87.911948,USMS IGA,Federal
KENTCMI,"Kent Co.,Grand Rapids,MI",701 Ball Avenue Northeast,Grand Rapids,Kent,MI,49503,Detroit,42.97561,-85.631675,IGSA,Non-Dedicated
KENTHRI,Kent Hospital,455 Toll Gate Rd,Warwick,Kent,RI,02886,Boston,41.705448,-71.477112,Hospital,Medical
KENTOKY,Kenton Co Detention Ctr,3000 DECKER CRANE LANE,Covington,Kenton,KY,41017,Chicago,39.00245,-84.531062,USMS IGA,Federal
KERCOCA,Kern County Jail (Lerdo),17695 Industrial Farm Road,Bakersfield,Kern,CA,93308,San Francisco,35.510486,-119.110825,IGSA,Non-Dedicated
KERCOTX,Kerr County Jail,400 Clearwater Paseo Dr,Kerrville,Kerr,TX,78028,San Antonio,30.028131,-99.1259,,Non-Dedicated
KERNHCA,Kern Medical Hospital,1700 Mount Vernon Ave,Bakersfield,Kern,CA,93306,San Francisco,35.382546,-118.969655,Hospital,Medical
KFMANTX,Kaufman County Detention Center,1900 E US-175,Kaufman,Kaufman,TX,75142,Dallas,32.559553,-96.294534,,Non-Dedicated
KINNETX,Kinney County Jail,109 North Street,Brackettville,Kinney,TX,78832,San Antonio,29.311612,-100.417884,IGSA,Non-Dedicated
KITTIWA,Kittitas County Jail,205 West 5th Avenue,Ellensburg,Kittitas,WA,98926,Seattle,46.999691,-120.532463,IGSA,Non-Dedicated
KLAMCOR,Klamath Co Jail,3201 Vandenberg Avenue,Klamath Falls,Klamath,OR,97603,Seattle,42.222618,-121.749748,IGSA,Non-Dedicated
KNXCHTX,Knox County Hospital,701 S E 5th St,Knox City,Knox,TX,79529,Dallas,33.41376,-99.811332,Hospital,Medical
KNXDFTN,Knox County Detention Facility,5001 Maloneyville Rd,Knoxville,Knox,TN,37918,New Orleans,36.085156,-83.84023,USMS IGA,Federal
KNXHOLD,Knoxville Hold Room,400 Main St SW,Knoxville,Knox,TN,37902,New Orleans,35.961322,-83.917068,Hold,Hold/Staging
KODIAAK,Kodiak City Jail,217 Lower Mill Bay Road,Kodiak,Kodiak Island,AK,99615,Seattle,57.804796,-152.37266,IGSA,Non-Dedicated
KOOTEID,Kootenai County,5500 North Government Way,Coeur D'Alene,Kootenai,ID,83815,Salt Lake City,47.720895,-116.785617,IGSA,Non-Dedicated
KRHUBFL,Krome/Miami Hub,Concourse E Satellitmiami International,Miami,Miami-Dade,FL,33299,Miami,25.794984,-80.279342,Hold,Hold/Staging
KRNRCTX,Karnes County Residential Center,Fm 1144 At Us Highway 181,Karnes City,Karnes,TX,78118,San Antonio,28.88466,-97.915362,Family,Family/Youth
KRO,Krome North SPC,18201 SW 12th St,Miami,Miami-Dade,FL,33194,Miami,25.754251,-80.489106,SPC,Dedicated
KROHOLD,Krome Hold Room,18201 SW 12th St,Miami,Miami-Dade,FL,33194,Miami,25.754251,-80.489106,Hold,Hold/Staging
LACKAPA,"Lackawana Cnty Jail, PA",1371 North Washington Avenue,Scranton,Lackawanna,PA,18509,Philadelphia,41.422581,-75.648328,USMS IGA,Federal
LAFAYLA,Lafayette Parish So Jail Annex,916 LAFAYETTE STREET,Lafayette,Lafayette,LA,70501,New Orleans,30.223535,-92.021409,IGSA,Non-Dedicated
LAFERTX,La Feria Police Dept.,115 E Commercial Ave,La Feria,Cameron,TX,78559,Harlingen,26.158978,-97.822901,Unknown,Other/Unknown
LAKCOFL,Lake County Jail,551 W. Main St,Tavares,Lake,FL,32778,Miami,28.802003,-81.732923,Unknown,Other/Unknown
LAKCOMT,Lake County Jail,106 4th Avenue East,Polson,Lake,MT,59860,Salt Lake City,47.691826,-114.161157,IGSA,Non-Dedicated
LAKMCFL,Lakeside Medical Center,39200 Hooker Highway,Belle Glade,Palm Beach,FL,33430,Miami,26.724251,-80.671056,Hospital,Medical
LANCACA,Mira Loma Det.Center,45100 60th Street West,Lancaster,Los Angeles,CA,93536,Los Angeles,34.701551,-118.234764,DIGSA,Dedicated
LANECOR,Lane Co Jail,125 East 8th Avenue,Eugene,Lane,OR,97401,Seattle,44.051803,-123.090434,IGSA,Non-Dedicated
LAPAZAZ,La Paz County Adult Det. Fac.,1109 Arizona Ave.,Parker,La Paz,AZ,85344,Phoenix,34.145735,-114.290581,USMS IGA,Federal
LAPLACO,La Plata County Jail,742 Turner Drive,Durango,La Plata,CO,81303,Denver,37.247743,-107.878705,USMS IGA,Federal
LARCOWY,Laramie County Jail,1910 Pioneer Avenue,Cheyenne,Laramie,WY,82001,Denver,41.134937,-104.819745,USMS IGA,Federal
LARELKY,Laurel County Corrections,203 South Broad St.,London,Laurel,KY,40741,Chicago,37.127426,-84.083816,USMS IGA,Federal
LARIMCO,Larimer County Jail,2405 Midpoint Drive,Fort Collins,Larimer,CO,80525,Denver,40.564232,-105.033295,USMS IGA,Federal
LASALTX,Lasalle County Jail,703 N Main Street,Cotulla,La Salle,TX,78014,San Antonio,28.443712,-99.236876,Other,Other/Unknown
LASANCO,Las Animas County Jail,2309 East Main Street,Trinidad,Las Animas,CO,81082,Denver,37.182622,-104.485098,IGSA,Non-Dedicated
LASHOLD,Las Cruces Hold Room,,Las Cruces,Dona Ana,NM,00nan,El Paso,32.314245,-106.779753,Hold,Hold/Staging
LASWOCA,Las Colinas Women Det Fac,9000 Cottonwood Avenue,Santee,San Diego,CA,92071,San Diego,32.842064,-116.974572,IGSA,Non-Dedicated
LAURITX,Laurel Ridge Treatment Ctr,17720 Corporate Woods Dr,San Antonio,Bexar,TX,78259,San Antonio,29.604095,-98.439335,Hospital,Medical
LAVACTX,Lavaca County Jail,38 Fm 3180 Po Box 373,Hallettsville,Lavaca,TX,77964,Houston,29.446486,-96.943897,Unknown,Other/Unknown
LAWINCI,Winn Corr Institute,560 Gum Spring Road,Winnfield,Winn,LA,71483,New Orleans,31.924131,-92.634542,DIGSA,Dedicated
LAWREPA,Lawrence County Jail,111 South Milton Street,New Castle,Lawrence,PA,16101,Philadelphia,40.999711,-80.337363,USMS IGA,Federal
LAWRESD,"Lawrence Co. Jail, SD",80 Sherman Street,Deadwood,Lawrence,SD,57732,St. Paul,44.374295,-103.729575,USMS IGA,Federal
LBKHOLD,Lubbock Hold Room,"1205 Texas Ave, Suite 605",Lubbock,Lubbock,TX,79401,Dallas,33.584113,-101.845061,Hold,Hold/Staging
LBRTYFL,Liberty County Jail,12832 N Central St,Bristol,Liberty,FL,32321,Miami,30.434878,-84.982191,IGSA,Non-Dedicated
LCIMCTX,La Copa Inn Hotel,,South Padre Island,Cameron,TX,00nan,Harlingen,26.086121,-97.161425,Family Staging,Family/Youth
LDFHOLD,Loveland Holdroom,350 E. 7th Street,Loveland,Larimer,CO,80537,Denver,40.398244,-105.072385,Hold,Hold/Staging
LEACONM,Lea County Jail,1401 South Commercial Street,Lovington,Lea,NM,88260,El Paso,32.960529,-103.34331,USMS IGA,Federal
LEHIGPA,"Lehigh County Jail, PA",38 N 4th St,Allentown,Lehigh,PA,18102,Philadelphia,40.604872,-75.466449,USMS IGA,Federal
LEONCFL,Leon County Jail,535 Appleyard Dr,Tallahassee,Leon,FL,32304,Miami,30.437397,-84.335361,,Non-Dedicated
LEVYCFL,Levy County Jail,9150 NE 80th Ave,Bronson,Levy,FL,32621,Miami,29.465414,-82.641411,IGSA,Non-Dedicated
LEWISMT,Lewis & Clark County Jail,221 Breckenridge Street,Helena,Lewis And Clark,MT,59601,Salt Lake City,46.586291,-112.036777,IGSA,Non-Dedicated
LEWISNY,Lewis County Jail,5252 Outer Stowe Street,Lowville,Lewis,NY,13367,Buffalo,43.778075,-75.500372,IGSA,Non-Dedicated
LEXFCKY,Lexington Processing @ Fayette Co,600 Old Frankford Cr,Lexington,Fayette,KY,40510,Chicago,38.065448,-84.545671,USMS IGA,Federal
LEXINSC,Lexington County Jail,521 Gibson Road,Lexington,Lexington,SC,29072,Atlanta,33.978903,-81.25111,USMS IGA,Federal
LFRESTX,Los Fresnos Police Dept.,200 N Brazil Street,Los Fresnos,Cameron,TX,78566,Harlingen,26.072987,-97.47832,Unknown,Other/Unknown
LHMCBMA,Lahey Hospital & Med Ctr,41 Mall Road,Burlington,Middlesex,MA,01803,Boston,42.483635,-71.205366,Hospital,Medical
LICEPLA,Louisiana Ice Processing Center,17544 Tunica Trace,Angola,West Feliciana,LA,70712,New Orleans,30.940674,-91.568381,SPC,Dedicated
LIMCJTX,Limestone County Jail,910 Tyus St,Groesbeck,Limestone,TX,76642,Houston,31.525563,-96.511495,Unknown,Other/Unknown
LIMESTX,Limestone Det Center,910 North Tyus Street,Groesbeck,Limestone,TX,76642,Houston,31.525289,-96.51136,USMS IGA,Federal
LIMMCTX,Limeston Medical Center,701 McClintic Dr,Groesbeck,Limestone,TX,76642,Houston,31.532887,-96.530914,Hospital,Medical
LINCOMO,Lincoln County Sheriff's,65 Business Park Drive,Troy,Lincoln,MO,63379,Chicago,38.971704,-90.962758,IGSA,Non-Dedicated
LINCONE,Lincoln County Jail,3020 N Jeffers,North Platte,Lincoln,NE,69101,St. Paul,41.152691,-100.759606,IGSA,Non-Dedicated
LINCOWY,Lincoln County Jail,1040 Justice Center Drive,Kemmerer,Lincoln,WY,83101,Denver,41.793962,-110.572663,,Non-Dedicated
LINNCOR,Linn Co Jail,1115 Jackson Street Southeast,Albany,Linn,OR,97322,Seattle,44.629814,-123.096948,IGSA,Non-Dedicated
LINNJIA,Linn County Jail,53 3rd Avenue Bridge,Cedar Rapids,Linn,IA,52401,St. Paul,41.974586,-91.669151,USMS IGA,Federal
LIVINNY,Livingston County Jail,4 Court Street,Geneseo,Livingston,NY,14454,Buffalo,42.801719,-77.815913,USMS IGA,Federal
LKLNDLA,Lakeland Nursing Home,81 Hillsdale Dr.,Pineville,Rapides,LA,71360,New Orleans,31.309069,-92.409126,Hospital,Medical
LLUMCCA,Loma Linda University Med Center,11234 Anderson Street,Loma Linda,San Bernardino,CA,92354,Los Angeles,34.047238,-117.262353,Hospital,Medical
LOGANOK,Logan County Jail,216 S Broad St,Guthrie,Logan,OK,73044,Dallas,35.876284,-97.422327,USMS IGA,Federal
LONPDAR,Lonoke Police Dept Det.Ctr,203 W. Front Street,Lonoke,Lonoke,AR,72086,New Orleans,34.783801,-91.901502,IGSA,Non-Dedicated
LOSCJCA,Los Angeles County Jail-Twin Tower,450 Bauchet Street,Los Angeles,Los Angeles,CA,90012,Los Angeles,34.059191,-118.230367,IGSA,Non-Dedicated
LOSHOLD,Los Cust Case,300 N. Los Angeles St. Rm B-18,San Pedro,Los Angeles,CA,90731,Los Angeles,34.053779,-118.239907,Hold,Hold/Staging
LOUCOVA,Loudoun County,42035 Loudoun Center Place,Leesburg,Loudoun,VA,20175,Washington,39.074188,-77.545341,USMS IGA,Federal
LOUHOLD,Louisville Hold Room,400 S 6th Street,Louisville,Jefferson,KY,40202,Chicago,38.253157,-85.760817,Hold,Hold/Staging
LOYMCIL,Loyola Medical Center,2160 S. First Ave.,Maywood,Cook,IL,60153,Chicago,41.860221,-87.834714,Hospital,Medical
LPAPSAZ,La Palma Corr Ctr APSO,5501 North La Palma Road,Eloy,Pinal,AZ,85131,Phoenix,32.814689,-111.529495,DIGSA,Dedicated
LPD77CA,Los Angeles Police PD 77th Div.,7600 S Broadway,Los Angeles,Los Angeles,CA,90003,Los Angeles,33.970328,-118.277471,Unknown,Other/Unknown
LPLCCAZ,La Palma Correctional Center,5501 North La Palma Road,Eloy,Pinal,AZ,85131,Phoenix,32.814689,-111.529495,DIGSA,Dedicated
LPZRHAZ,La Paz Regional Hospital,1200 Mohave Rd,Parker,La Paz,AZ,85344,Phoenix,34.136437,-114.28534,Hospital,Medical
LQSNATX,La Quinta Inn By Wyndham SNA,,San Antonio,Bexar,TX,00nan,San Antonio,29.42519,-98.494592,Hotel,Hotel
LQWCSTX,La Quinta Wyndham Casa Do Sonho,,Cotulla,La Salle,TX,00nan,San Antonio,28.436934,-99.235032,Family Staging,Family/Youth
LRAHOLD,Little Rock Hold Room,2900 S Woodrow St,Little Rock,Pulaski,AR,72204,New Orleans,34.724733,-92.309686,Hold,Hold/Staging
LRDHOLD,Laredo Detention Center Hold Room,4702 East Saunders Street,Laredo,Webb,TX,78041,Harlingen,27.52907,-99.447957,Hold,Hold/Staging
LRDICDF,Laredo Processing Center,4702 East Saunders Street,Laredo,Webb,TX,78041,Harlingen,27.52907,-99.447957,DIGSA,Dedicated
LRDMCTX,Laredo Medical Center,1700 E Saunders St,Laredo,Webb,TX,78041,Harlingen,27.532789,-99.477875,Hospital,Medical
LRKBHFL,Larkin Behavioral Health Svcs,1201 N 37th Ave,Hollywood,Broward,FL,33021,Miami,26.021177,-80.180642,Hospital,Medical
LRKMCFL,Lower Keys Medical Center,5900 College Road,Key West,Monroe,FL,33040,Miami,24.580887,-81.742711,Hospital,Medical
LRKNHFL,Larkin Hospital,6129 SW 70th St,South Miami,Miami-Dade,FL,33143,Miami,25.705859,-80.291428,Hospital,Medical
LSFHOLD,Los Fresnos Hold Room,213 Orive Blvd,Los Fresnos,Cameron,TX,78566,Harlingen,26.075728,-97.512372,Hold,Hold/Staging
LSHOSMA,Lemuel Shattuck Hospital,170 Morton Street,Jamaica Plain,Suffolk,MA,02130,Boston,42.299613,-71.101959,Hospital,Medical
LSRDCTX,La Salle Co Regional Det. Center,832 East Texas State Highway 44,Encinal,La Salle,TX,78019,San Antonio,28.045551,-99.33615,USMS IGA,Federal
LTVHOLD,"Lorton, VA Hold Room",2675 Prosperity Avenue,Fairfax,Fairfax,VA,20598,Washington,38.880593,-77.232308,Hold,Hold/Staging
LUBBOTX,Lubbock County Jail,811 Main Street,Lubbock,Lubbock,TX,79401,Dallas,33.585298,-101.84367,USMS IGA,Federal
LUFKNTX,Lufkin Police Dept.,300 E. Shepherd Street,Lufkin,Angelina,TX,75901,Houston,31.337193,-94.726903,Other,Other/Unknown
LUNCONM,Luna County Jail,1700 4th Street Northeast,Deming,Luna,NM,88030,El Paso,32.276818,-107.737272,IGSA,Non-Dedicated
LVGHOLD,Las Vegas Hold Room,3373 Pepper Lane,Las Vegas,Clark,NV,89120,Salt Lake City,36.07594,-115.102063,Hold,Hold/Staging
LVYHOPA,Lehigh Valley Hospital - Pocono,206 Brown St,East Stroudsburg,Monroe,PA,18301,Philadelphia,40.992914,-75.174595,Hospital,Medical
LYNNCTX,Lynn County Sheriff,810 Lockwood Street,Tahoka,Lynn,TX,79373,Dallas,33.167036,-101.784486,,Non-Dedicated
LYNRJVA,B.R.R.J. Lynchburg,510 9th St,Lynchburg,Lynchburg City,VA,24504,Washington,37.413162,-79.145069,,Non-Dedicated
LYOLAIL,Loyola Center For Health,1211 W Roosevelt Rd,Maywood,Cook,IL,60153,Chicago,41.864884,-87.847542,Hospital,Medical
MABSHOS,Bwater St Hosp Bridgewate,Bridgewater State Hospital,Bridgewater,Plymouth,MA,02324,Boston,41.947346,-70.951882,Hospital,Medical
MACCOMI,"Macomb Co.Mt.Clemens,MI.",43565 Elizabeth Road,Mount Clemens,Macomb,MI,48043,Detroit,42.617401,-82.889296,USMS IGA,Federal
MACONTN,Macon County Sheriff,902 Highway 52 Bypass East,Lafayette,Macon,TN,37083,New Orleans,36.503451,-86.004508,,Non-Dedicated
MADISID,Madison County Jail,15 North 2nd Street East,Rexburg,Madison,ID,83440,Salt Lake City,43.82311,-111.792424,IGSA,Non-Dedicated
MADISMS,"Madison Co. Jail, MS.",2935 Highway 51,Canton,Madison,MS,39046,New Orleans,32.586496,-90.045071,IGSA,Non-Dedicated
MADISNY,Madison County Jail,138 North Court Street,Wampsville,Madison,NY,13163,Buffalo,43.080926,-75.703441,USMS IGA,Federal
MAHONOH,Mahoning County Jail,110 Fifth Avenue,Youngstown,Mahoning,OH,44503,Detroit,41.104231,-80.654926,USMS IGA,Federal
MANATFL,Manatee County Detention-Annex,11490 Harlee Rd.,Palmetto,Manatee,FL,34221,Miami,27.636681,-82.539963,IGSA,Non-Dedicated
MANHOLD,Manchester Holdroom,811 Canal Street,Manchester,Hillsborough,NH,03101,Boston,42.998484,-71.466296,Hold,Hold/Staging
MAPLEOH,Maple Heights City Jail,5373 Lee Road,Maple Heights,Cuyahoga,OH,44137,Detroit,41.414729,-81.565452,USMS IGA,Federal
MARICOR,Marion Co Jail,4000 Aumsville Highway SE,Salem,Marion,OR,97301,Seattle,44.896637,-122.959848,IGSA,Non-Dedicated
MARIOFL,Marion County Jail,3290 NW 10th St,Ocala,Marion,FL,34475,Miami,29.194381,-82.174886,USMS IGA,Federal
MARIOIN,Marion County Jail,40 South Alabama Street,Indianapolis,Marion,IN,46204,Chicago,39.765979,-86.153157,USMS IGA,Federal
MARSHIA,Marshall County Jail,2369 Jessup Avenue,Marshalltown,Marshall,IA,50158,St. Paul,42.010461,-93.059567,USMS IGA,Federal
MARTIFL,Martin County Jail,800 Southeast Monterey Road,Stuart,Martin,FL,34994,Miami,27.170073,-80.242784,USMS IGA,Federal
MARTNTX,Martin County Jail,301 North Saint Peter Street ,Stanton,Martin,TX,79782,El Paso,32.131259,-101.791058,,Non-Dedicated
MATEWKS,Tewksbury State Hospital,918 Main Street,Tewksbury,Middlesex,MA,01876,Boston,42.613401,-71.23589,Hospital,Medical
MATSHOS,Taunton State Hospital,23 Summer Street,Taunton,Bristol,MA,02780,Boston,41.900927,-71.089341,Hospital,Medical
MAVERTX,Maverick County Jail,1051 Balboa Jones Boulevard,Eagle Pass,Maverick,TX,78852,San Antonio,28.797467,-100.215158,IGSA,Non-Dedicated
MCAHOLD,Mcallen Hold Room,,Edinburg,Hidalgo,TX,00nan,Harlingen,26.301737,-98.163343,Hold,Hold/Staging
MCCDCTX,Mcclennan County Detention Center,520 Columbus Ave,Waco,Mclennan,TX,76705,Houston,31.557738,-97.133997,USMS IGA,Federal
MCCLETX,Mclennan County Jail,501 Washington Avenue,Waco,Mclennan,TX,76701,Houston,31.557457,-97.1336,IGSA,Non-Dedicated
MCFAJAZ,Maricopa County Jail,201 South 4th Avenue,Phoenix,Maricopa,AZ,85003,Phoenix,33.445517,-112.078448,USMS IGA,Federal
MCHENIL,McHenry County Sheriff's,2200 North Seminary Avenue,Woodstock,Mchenry,IL,60098,Chicago,42.340552,-88.440393,USMS IGA,Federal
MCJJVFL,Martin County Jail - Juvenile,100 SE Ocean Boulevard,Stuart,Martin,FL,34994,Miami,27.196998,-80.250089,Juvenile,Family/Youth
MCKINNM,Mckinley County Adult Det. Cen.,255 S. Boardman,Gallup,Mckinley,NM,87301,El Paso,35.527057,-108.708558,IGSA,Non-Dedicated
MCMEDAZ,Maricopa Medical Center,"1035 E Jefferson St, Suite B, Phoenix, Arizona",Phoenix,Maricopa,AZ,85038,Phoenix,33.446692,-112.059536,Hospital,Medical
MEADESD,"Meade Co. Jail, SD",1400 Main Street,Sturgis,Meade,SD,57785,St. Paul,44.414238,-103.516159,IGSA,Non-Dedicated
MECKLNC,Mecklenburg (NC) Co Jail,5234 Spector Drive,Charlotte,Mecklenburg,NC,28202,Atlanta,35.263266,-80.854385,USMS IGA,Federal
MEDHOLD,Medford Sub-Office,310 West 6th Street,Medford,Jackson,OR,97501,Seattle,42.325506,-122.8772,Hold,Hold/Staging
MEMHOCA,Memorial Hospital Bakersfield,420 34th Street,Bakersfield,Kern,CA,93301,San Francisco,35.391455,-119.006854,Hospital,Medical
MEMHOLD,Memphis Hold Room,842 Virginia Run Cove,Memphis,Shelby,TN,38122,New Orleans,35.156331,-89.88122,Hold,Hold/Staging
MEMRHFL,Memorial Regional Hosp.,3501 Johnson Street,Hollywood,Broward,FL,33021,Miami,26.019662,-80.180027,Hospital,Medical
MERCEIL,Mercer County Corrections,906 SW 3rd Street,Aledo,Mercer,IL,61231,Chicago,41.199749,-90.758968,Other,Other/Unknown
MERCYFL,Mercy Hospital,3663 S Miami Ave,Miami,Miami-Dade,FL,33133,Miami,25.739992,-80.213446,Hospital,Medical
MESJACO,Mesa County Jail,215 Rice Street,Grand Junction,Mesa,CO,81501,Denver,39.068521,-108.574055,USMS IGA,Federal
METHOTX,Methodist Hospital,7700 Floyd Curl Dr,San Antonio,Bexar,TX,78229,San Antonio,29.508318,-98.571897,Hospital,Medical
METROFL,Metro Dade Jail,5680 Southwest 87th Avenue,Miami,Miami-Dade,FL,33173,Miami,25.715739,-80.335584,IGSA,Non-Dedicated
MEYTHCT,Maine Youth Center - Long Creek,675 Westbrook St.,South Portland,Cumberland,ME,04106,Boston,43.638916,-70.30911,Juvenile,Family/Youth
MGAHOLD,Montgomery Hold Room,250 S McDonough St,Montgomery,Montgomery,AL,36104,New Orleans,32.374385,-86.304944,Hold,Hold/Staging
MHMSATX,Methodist Hospital Metropolitan,1310 McCullough Ave,San Antonio,Bexar,TX,78212,San Antonio,29.441189,-98.490856,Hospital,Medical
MHNHHTX,Memorial Hermann NW Hosp,1635 N Loop West,Houston,Harris,TX,77008,Houston,29.811236,-95.431095,Hospital,Medical
MHNSATX,Methodist Hospital Northeast,12412 Judson Rd,Live Oak,Bexar,TX,78233,San Antonio,29.552605,-98.347947,Hospital,Medical
MHSOSTX,Methodist Hospital Stone Oak,1139 E Sonterra Blvd,San Antonio,Bexar,TX,78258,San Antonio,29.616223,-98.474386,Hospital,Medical
MHTFHOH,Mercy Health - Tiffin Hospital,45 St Lawrence Dr,Tiffin,Seneca,OH,44883,Detroit,41.104109,-83.216258,Hospital,Medical
MHTSATX,Methodist Hospital Texsan,6700 I-10 West,San Antonio,Bexar,TX,78201,San Antonio,29.489828,-98.547528,Hospital,Medical
MIAHOLD,Miami (Miramar) Hold Room,15665 Biscayne Boulevard,Miami,Miami-Dade,FL,33160,Miami,25.920172,-80.155007,Hold,Hold/Staging
MIDBIMA,Middlesex County H.O.C.-Billerica,40 Thorndike Street,Cambridge,Middlesex,MA,02141,Boston,42.369225,-71.079398,IGSA,Non-Dedicated
MIDDLNJ,Middlesex County Jail,Apple Orchard Road,North Brunswick,Middlesex,NJ,08902,Newark,40.421298,-74.489241,IGSA,Non-Dedicated
MIDLATX,Midland Detention Center,115 W. Industrial Road,Midland,Midland,TX,79702,El Paso,31.99396,-102.075351,USMS IGA,Federal
MILHOLD,Milwaukee Holdroom,310 E. Knapp Street,Milwaukee,Milwaukee,WI,53202,Chicago,43.047318,-87.90807,Hold,Hold/Staging
MILLRAR,Miller County Jail,2300 East Street,Texarkana,Miller,AR,71854,New Orleans,33.401076,-94.022371,USMS IGA,Federal
MINERMT,Mineral County Jail,310 River Street,Superior,Mineral,MT,59872,Salt Lake City,47.192654,-114.890244,IGSA,Non-Dedicated
MINICID,Minicassia Det. Center,1415 Albion Avenue,Burley,Cassia,ID,83318,Salt Lake City,42.534978,-113.791186,USMS IGA,Federal
MINNESD,Minnehaha County Jail,500 North Minnesota Avenue,Sioux Falls,Minnehaha,SD,57104,St. Paul,43.553446,-96.729934,USMS IGA,Federal
MIRHPRI,Miriam Hospital,164 Summit Ave,Providence,Providence,RI,02906,Boston,41.851996,-71.397971,Hospital,Medical
MISCOMO,Mississippi County Detention Cente,200 West Commercial Street,Charleston,Mississippi,MO,63834,Chicago,36.923841,-89.35203,IGSA,Non-Dedicated
MISSOMT,Missoula County,2340 Mullan Road,Missoula,Missoula,MT,59808,Salt Lake City,46.88281,-114.027166,IGSA,Non-Dedicated
MIWPRPH,Walter Reuther Psychiatric Center,30901 Palmer Road,Westland,Wayne,MI,48186,Detroit,42.29428,-83.345571,Hospital,Medical
MLDHOLD,"Midland, TX ERO Holdroom",400 S. Main Street,Midland,Midland,TX,79701,El Paso,31.994141,-102.075042,Hold,Hold/Staging
MLJHOLD,Mount Laurel Hold Room,532 Fellowship Road,Mount Laurel,Burlington,NJ,08054,Newark,39.932744,-74.957616,Hold,Hold/Staging
MLPHHMI,McLaren Port Huron Hosp,1221 Pine Grove Avenue,Port Huron,St. Clair,MI,48060,Detroit,42.986974,-82.429776,Hospital,Medical
MNCOAKC,"Minn.C.F, Oak Park Hgts",5329 N Osgood Ave,Oak Park Heights,Washington,MN,55082,St. Paul,45.025206,-92.80246,IGSA,Non-Dedicated
MNROEMI,Monroe County Sheriff/Jail-Main,100 East 2nd Street,Monroe,Monroe,MI,48161,Detroit,41.913979,-83.397416,IGSA,Non-Dedicated
MNTGMAL,Montgomery City Jail,320 North Ripley Street,Montgomery,Montgomery,AL,36104,New Orleans,32.381784,-86.29775,IGSA,Non-Dedicated
MOAHOLD,Mobile Holdroom,150 N Royal Street Suite 3004,Mobile,Mobile,AL,36602,New Orleans,30.695111,-88.041554,Hold,Hold/Staging
MOFFECO,Moffat County Jail,800 West 1nt Street,Craig,Moffat,CO,81625,Denver,40.506138,-107.556345,IGSA,Non-Dedicated
MOHAVAZ,Mohave Co Corr Center,415 Pine Street,Kingman,Mohave,AZ,86401,Phoenix,35.192562,-114.05208,IGSA,Non-Dedicated
MONCJAL,Montgomery City Jail,103 North Perry Street,Montgomery,Montgomery,AL,36104,New Orleans,32.352322,-86.286911,USMS IGA,Federal
MONMONJ,Monmouth County Jail,1 Waterworks Road,Freehold,Monmouth,NJ,07728,Newark,40.267701,-74.287254,IGSA,Non-Dedicated
MONROFL,Monroe County Jail,5501 College Road,Key West,Monroe,FL,33040,Miami,24.576552,-81.751438,IGSA,Non-Dedicated
MONROMI,Monroe County Detention-Dorm,7000 East Dunbar Road,Monroe,Monroe,MI,48161,Detroit,41.895531,-83.393394,IGSA,Non-Dedicated
MONRONY,Monroe County Jail,130 Plymouth Avenue South,Rochester,Monroe,NY,14614,Buffalo,43.152382,-77.614019,IGSA,Non-Dedicated
MONTGAL,Montgomery Co Mac Sim Butler D.F.,250 S McDonough St,Montgomery,Montgomery,AL,36103,New Orleans,32.374385,-86.304944,USMS IGA,Federal
MONTGMO,Montgomery County Jail,211 East Third Street,Montgomery City,Montgomery,MO,63361,Chicago,38.979518,-91.504715,IGSA,Non-Dedicated
MONTGNY,Montgomery County Jail,Park Street,Fonda,Montgomery,NY,12068,Buffalo,42.952857,-74.375517,USMS IGA,Federal
MONTGPA,"Montgomery Cnty Jail, PA",60 Eagleville Road,Norristown,Montgomery,PA,19403,Philadelphia,40.15878,-75.423131,USMS IGA,Federal
MONTGTX,Montgomery County Jail,500 Hilbig Rd,Conroe,Montgomery,TX,77301,Houston,30.335908,-95.453163,IGSA,Non-Dedicated
MORGACO,Morgan County Jail,801 East Beaver Avenue,Fort Morgan,Morgan,CO,80701,Denver,40.252069,-103.789297,IGSA,Non-Dedicated
MORGNMO,Morgan County Sheriff's Dept,211 East Newton Street,Versailles,Morgan,MO,65084,Chicago,38.432111,-92.839773,IGSA,Non-Dedicated
MOROWOH,Morrow Co. Correctional Facility,101 Home Road,Mount Gilead,Morrow,OH,43338,Detroit,40.551067,-82.844857,IGSA,Non-Dedicated
MOUNTND,"Mountrail Co. Jail, ND",101 North Main Street,Stanley,Mountrail,ND,58784,St. Paul,48.321198,-102.391444,IGSA,Non-Dedicated
MPSIPAN,Saipan Department Of Corrections,"Susupe, Saipan 96950, Cnmi",Saipan,Saipan,MP,96950,San Francisco,15.157946,145.70743,USMS IGA,Federal
MRCDSTX,Mercedes Police Dept.,316 S Ohio Ave,Mercedes,Hidalgo,TX,78570,Harlingen,26.148391,-97.911895,Unknown,Other/Unknown
MRREGVA,Middle River Regional Jail,350 Technology Dr,Staunton,Augusta,VA,24401,Washington,38.191994,-79.010585,Unknown,Other/Unknown
MSF,Miami Staging Facility,33 NE 4th St,Miami,Miami-Dade,FL,33132,Miami,25.778536,-80.193226,Hold,Hold/Staging
MSKGNMI,Muskegon County Jail,980 Terrace Street,Muskegon,Muskegon,MI,49442,Detroit,43.235082,-86.243665,Unknown,Other/Unknown
MSTHSTX,Methodist Specialty Transplant Hos,8026 Floyd Curl Dr,San Antonio,Bexar,TX,78229,San Antonio,29.513962,-98.576542,Hospital,Medical
MSVPCPA,Moshannon Valley Processing Center,555 Geo Drive,Philipsburg,Clearfield,PA,16866,Philadelphia,40.921117,-78.242177,DIGSA,Dedicated
MTGHOLD,Montgomery Hold Rm,807 Hilbig Rd,Conroe,Montgomery,TX,77301,Houston,30.337991,-95.445132,Hold,Hold/Staging
MTGPCTX,Montgomery Processing Ctr,806 Hilbig Rd,Conroe,Montgomery,TX,77301,Houston,30.337991,-95.443207,CDF,Dedicated
MTHOSTX,Methodist Hospital South,1905 Hwy 97 E,Jourdanton,Atascosa,TX,78026,San Antonio,28.933112,-98.526035,Hospital,Medical
MTNITPA,Mount Nittany Medical Center,155 Wellness Way,State College,Centre,PA,16803,Philadelphia,40.81888,-77.842458,Hospital,Medical
MTPPDCA,Monterey Park Police Dept,320 West Newmark Avenue,Monterey Park,Los Angeles,CA,91754,Los Angeles,34.05915,-118.126259,USMS IGA,Federal
MULTNOR,Multnomah County Jail,11540 Northeast Inverness Drive,Portland,Multnomah,OR,97220,Seattle,45.563453,-122.544153,IGSA,Non-Dedicated
MUSCAIA,Muscatine County Jail,400 Walnut Street,Muscatine,Muscatine,IA,52761,St. Paul,41.424403,-91.044624,USMS IGA,Federal
MUSIKCA,James A Musick Facility,13502 Musick Road,Irvine,Orange,CA,92618,Los Angeles,33.66358,-117.699448,IGSA,Non-Dedicated
MUSSEMT,Musselshell County Jail,820 Main Street,Roundup,Musselshell,MT,59072,Salt Lake City,46.44967,-108.541697,IGSA,Non-Dedicated
MVMCMAZ,Mountain Vista Med Ctr,1301 South Crismon Road,Mesa,Maricopa,AZ,85209,Phoenix,33.391283,-111.611255,Hospital,Medical
MVPNHPA,Penn Highlands Clearfield,809 Turnpike Ave,Clearfield,Clearfield,PA,16830,Philadelphia,41.033591,-78.450065,Hospital,Medical
MWASHVA,Mary Washington Hospital,1001 Sam Perry Blvd,Fredericksburg,Fredericksburg City,VA,22401,Washington,38.31098,-77.483092,Hospital,Medical
NASHUMA,Nashua St. Jail,200 Nashua Street,Boston,Suffolk,MA,02114,Boston,42.367225,-71.066168,Unknown,Other/Unknown
NASSAFL,Nassau County Jail,76212 Nicholas Cutinha Road,Yulee,Nassau,FL,32097,Miami,30.610972,-81.631146,IGSA,Non-Dedicated
NASSANY,Nassau Co Correc Center,100 Carman Avenue,East Meadow,Nassau,NY,11554,New York,40.732254,-73.553505,USMS IGA,Federal
NASTRNY,Nassau County ICE Trailer,100 Carman Avenue,East Meadow,Nassau,NY,11554,New York,40.732254,-73.553505,Unknown,Other/Unknown
NATCHLA,Natchitoches Parish Det. Center,299 Edwina Dr.,Natchitoches,Natchitoches,LA,71457,New Orleans,31.730293,-93.099375,USMS IGA,Federal
NATJVWY,Natrona Co. Juv. Det. Center,1120 Bruce Lane,Casper,Natrona,WY,82601,Denver,42.863668,-106.344369,Juvenile,Family/Youth
NATROWY,Natrona County Jail,1100 Bruce Lane,Casper,Natrona,WY,82601,Denver,42.862601,-106.345526,USMS IGA,Federal
NAVSOAZ,Navajo County Sheriff,100 East Carter Drive,Holbrook,Navajo,AZ,86025,Phoenix,34.86963,-110.155895,IGSA,Non-Dedicated
NBGHOLD,Newburgh Holding,,Newburgh,Orange,NY,00nan,New York,41.503427,-74.010418,Hold,Hold/Staging
NBRMCFL,North Broward Medical Center,201 East Sample Road,Pompano Beach,Broward,FL,33060,Miami,26.276765,-80.121549,Hospital,Medical
NCBHOTX,North Central Baptist Hospital,520 Madison Oak Dr,San Antonio,Bexar,TX,78258,San Antonio,29.620448,-98.490856,Hospital,Medical
NEBHSTX,Northeast Baptist Hospital,8811 Village Dr,San Antonio,Bexar,TX,78217,San Antonio,29.519764,-98.429111,Hospital,Medical
NEJUVNE,N.E.Neb.Juvenile Services,120 Clara Davis Drive,Madison,Madison,NE,68748,St. Paul,41.843499,-97.458012,Juvenile,Family/Youth
NEMCCOI,McCook ICE IGSA,2309 N Highway 83,McCook,Red Willow,NE,69001,St. Paul,40.214646,-100.650203,DIGSA,Dedicated
NEWHOLD,New/INS Os Hold Room,970 Broad Street,Newark,Essex,NJ,07102,Newark,40.730493,-74.174231,Hold,Hold/Staging
NFMIGFL,Neighbor-Family Miami Gardens,2805 SW 145th Ave,Miramar,Broward,FL,33027,Miami,25.982743,-80.33946,Unknown,Other/Unknown
NFSMTGA,"Neighbor-Family, Stone Mountain",2075 West Park Place Blvd Suite D,Stone Mountain,Dekalb,GA,30087,Atlanta,33.817839,-84.120606,Other,Other/Unknown
NGDCTGA,North Georgia Detention Center,622 Main Street Southwest,Gainesville,Hall,GA,30501,Atlanta,34.294796,-83.82485,IGSA,Non-Dedicated
NHSPCON,"NH State Prison, Concord",281 North State Street,Concord,Merrimack,NH,03301,Boston,43.23179,-71.559513,IGSA,Non-Dedicated
NIAGANY,Niagara County Jail,5526 Niagara Street Extention,Lockport,Niagara,NY,14094,Buffalo,43.180277,-78.736818,IGSA,Non-Dedicated
NIOBRWY,Niobrara County Jail,416 South Elm Street,Lusk,Niobrara,WY,82225,Denver,42.760525,-104.451115,IGSA,Non-Dedicated
NIXHCTX,Nix Home Care,2929 Mossrock Drive,San Antonio,Bexar,TX,78230,San Antonio,29.512163,-98.539804,Unknown,Other/Unknown
NLSCOLA,Nelson Coleman Corrections Center,5061 LA 3127,Killona,St. Charles Parish,LA,70057,New Orleans,29.992572,-90.502321,USMS IGA,Federal
NMCOMNE,Nebraska Med Ctr Omaha,4350 Dewey Ave,Omaha,Douglas,NE,68105,St. Paul,41.256462,-95.977238,Hospital,Medical
NNREGVA,Northern Neck Reg. Jail,3908 Richmond Rd,Warsaw,Richmond,VA,22572,Washington,37.964629,-76.791446,IGSA,Non-Dedicated
NNVMCNV,Northern Nevada Med Ctr,2375 E Prater Way,Sparks,Washoe,NV,89434,Salt Lake City,39.541041,-119.697292,Hospital,Medical
NOBLEMN,Nobles Co. Jail,1530 Airport Road,Worthington,Nobles,MN,56187,St. Paul,43.648115,-95.589982,IGSA,Non-Dedicated
NOJUVOR,Northern Oregon Juv.Det.,211 Webber Street,The Dalles,Wasco,OR,97058,Seattle,45.612639,-121.200633,Juvenile,Family/Youth
NOLHOLD,Nol D D & P,701 Loyola Avenue Room 9001,New Orleans,Orleans,LA,70113,New Orleans,29.947992,-90.077529,Hold,Hold/Staging
NOLVGNV,North Las Vegas,2332 North Las Vegas Boulevard,North Las Vegas,Clark,NV,89030,Salt Lake City,36.201681,-115.118522,USMS IGA,Federal
NORCOOR,Northern Oregon Corr.Fac.,211 Webber Street,The Dalles,Wasco,OR,97058,Seattle,45.612639,-121.200633,IGSA,Non-Dedicated
NORFOMA,Norflk Cnty Dedham,200 West Street,Dedham,Norfolk,MA,02026,Boston,42.260328,-71.208566,USMS IGA,Federal
NORFOVA,Norfolk City Jail,811 East City Hall Avenue,Norfolk,Norfolk City,VA,23510,Washington,36.846157,-76.28456,USMS IGA,Federal
NORHOLD,Norfolk Sub-Office Hold,5280 Henneman Drive,Norfolk,Norfolk City,VA,23513,Washington,36.87617,-76.222876,Hold,Hold/Staging
NRJDCVA,NW Reg Juv Det Ctr,145 Fort Collier Rd.,Winchester,Winchester City,VA,22603,Washington,39.199842,-78.145078,Unknown,Other/Unknown
NRLKCMI,North Lake Correctional Facility,1805 W 32nd St,Baldwin,Lake,MI,49304,Detroit,43.928392,-85.83964,CDF,Dedicated
NRPHOLD,North Platte Hold Room,300 East 3rd Street,North Platte,Lincoln,NE,69101,St. Paul,41.134559,-100.7607,Hold,Hold/Staging
NRVRJVA,New River Valley Reg. Jail,108 Baker Road,Dublin,Pulaski,VA,24084,Washington,37.08548,-80.67891,Other,Other/Unknown
NSVHOLD,Nashville Hold Room,200 James Robertson Pkwy,Nashville,Davidson,TN,37201,New Orleans,36.167766,-86.779286,Hold,Hold/Staging
NVJDCVA,No. Va. Juvenile Det - ICE,200 South Whiting Street,Alexandria,Alexandria City,VA,22304,Washington,38.812199,-77.13569,Juvenile,Family/Youth
NVSDCNV,Nevada Southern Detention Center,2190 East Mesquite Avenue,Pahrump,Nye,NV,89060,Salt Lake City,36.252791,-115.97699,USMS CDF,Federal
NWHNVNC,New Hanover Co Det Center,3950 Juvenile Rd,Castle Hayne,New Hanover,NC,28429,Atlanta,34.355724,-77.899986,USMS IGA,Federal
NWRCCMN,NW Regional Corrections Center,816 Marin Avenue,Crookston,Polk,MN,56716,St. Paul,47.768904,-96.628409,USMS IGA,Federal
NWREGVA,Northwest Reg. Adult Det.,141 Fort Collier Road,Winchester,Winchester City,VA,22603,Washington,39.198831,-78.143883,IGSA,Non-Dedicated
NYADIRC,"Adirondack CF, Raybrook",196 Ray Brook Road,Ray Brook,Essex,NY,12977,Buffalo,44.295053,-74.090617,Other,Other/Unknown
NYBUFFC,"Buffalo CF, Alden,Ny",3052 Wende Road,Alden,Erie,NY,14004,Buffalo,42.93199,-78.542767,IGSA,Non-Dedicated
NYCHOLD,Nyc Hold Room,26 Federal Plaza,New York,New York,NY,10278,New York,40.634143,-73.931148,Hold,Hold/Staging
NYEASTC,Eastern C.F. Napanoch,30 Institution Rd,Napanoch,Ulster,NY,12458,New York,41.741313,-74.363054,Unknown,Other/Unknown
NYEPANV,Nye County Sheriff-Pahrump,1520 E. Basin Road,Pahrump,Nye,NV,89060,Salt Lake City,36.220352,-115.986222,IGSA,Non-Dedicated
NYFISHC,Fishkill C.F. Beacon Ny,18 Strack Dr,Beacon,Dutchess,NY,12508,New York,41.521995,-73.950868,Other,Other/Unknown
NYGREAC,Great Meadow C.F.,11739 Ny-22,Comstock,Washington,NY,12821,Buffalo,43.457213,-73.432736,Unknown,Other/Unknown
NYGROVC,Groveland C.F. Sonyea,7000 Sonyea Rd,Sonyea,Livingston,NY,14556,Buffalo,42.683299,-77.833716,Unknown,Other/Unknown
NYLIVIC,Livingston Correctional,7005 Sonyea Rd,Sonyea,Livingston,NY,14556,Buffalo,42.683177,-77.823992,Unknown,Other/Unknown
NYMARCC,Marcy Correctional,9000 Old River Road,Marcy,Oneida,NY,13403,Buffalo,43.16021,-75.30769,Unknown,Other/Unknown
NYMDSTC,Midstate Correctional,9005 Old River Road,Marcy,Oneida,NY,13403,Buffalo,43.167271,-75.302157,Unknown,Other/Unknown
NYMOHOC,Mohawk Correctional,6514 Rt. -26,Rome,Oneida,NY,13442,Buffalo,43.178729,-75.482306,Unknown,Other/Unknown
NYOGDNC,Ogdensburg Correctional,One Correction Way,Ogdensburg,St. Lawrence,NY,13669,Buffalo,44.721158,-75.449126,IGSA,Non-Dedicated
NYORLNC,Orleans Correctional,35-31 Gaines Basin Road,Albion,Orleans,NY,14411,Buffalo,43.244059,-78.222476,IGSA,Non-Dedicated
NYULSTC,"Ulster CF, Napanoch",750 Berme Rd,Napanoch,Ulster,NY,12458,New York,41.74358,-74.356426,Other,Other/Unknown
NYWASHC,Washington Correctional,72 Lock Eleven Lane,Comstock,Washington,NY,12821,Buffalo,43.469085,-73.429071,,Non-Dedicated
OAK,Oakdale Fed. Det. Center,2105 East Whatley Road,Oakdale,Allen,LA,71463,New Orleans,30.826964,-92.643047,IGSA,Non-Dedicated
OAKHOLD,Oakdale Holding Room,1010 E Whatley Road,Oakdale,Allen,LA,71463,New Orleans,30.831087,-92.650389,Hold,Hold/Staging
OCCWJCA,Orange County Central Women's Jail,550 North Flower Street,Santa Ana,Orange,CA,92703,Los Angeles,33.748769,-117.878394,IGSA,Non-Dedicated
OCIRCCA,Orange Count Intake Release Fac.,550 North Flower Street,Santa Ana,Orange,CA,92703,Los Angeles,33.748769,-117.878394,IGSA,Non-Dedicated
ODESSTX,Odessa Detention Center,205 North Grant Avenue,Odessa,Ector,TX,79761,El Paso,31.845659,-102.368761,IGSA,Non-Dedicated
OGCMCCA,Orange Co Global Medical Center,1001 N Tustin Ave,Santa Ana,Orange,CA,92705,Los Angeles,33.754404,-117.833356,Hospital,Medical
OGLECIL,Ogle County Jail,103 Jefferson Street,Oregon,Ogle,IL,61061,Chicago,42.014218,-89.335423,USMS IGA,Federal
OGRMCNY,Orange Regional Med Ctr,707 E Main Syreet ,Middletown,Orange,NY,10940,New York,41.442202,-74.368238,Hospital,Medical
OGUHOLD,Ogden Hold Room,"2487 S. 1620 W., Unit E.",Ogden,Weber,UT,84401,Salt Lake City,41.220584,-112.019148,Hold,Hold/Staging
OHNORWE,Corrections Center of NW Ohio,"3151 Road 24.25, Route 1",Stryker,Williams,OH,43557,Detroit,41.458755,-84.357211,USMS IGA,Federal
OKANOWA,Okanogan Co. Jail,149 4th Avenue North,Okanogan,Okanogan,WA,98840,Seattle,48.364935,-119.581955,IGSA,Non-Dedicated
OKCHOLD,Oklahoma City Hold Room.,4400 SW 44th Street,Oklahoma City,Oklahoma,OK,73119,Dallas,35.42364,-97.597519,Hold,Hold/Staging
OKCIMMC,Cimarron Correctional Facility,3700 S. Kings Hwy,Cushing,Payne,OK,74023,Dallas,35.942684,-96.781792,USMS IGA,Federal
OKCOJOK,Oklahoma County Jail,201 North Shartel Avenue,Oklahoma City,Oklahoma,OK,73102,Dallas,35.469608,-97.526641,IGSA,Non-Dedicated
OKDBACK,Diamondback Corr Facility,1000 Diamondback Road,Watonga,Blaine,OK,73772,Dallas,35.884356,-98.397426,DIGSA,Dedicated
OKMHKTX,Otto Kaiser Memorial Hospital,3349 Us-181,Kenedy,Karnes,TX,78119,San Antonio,28.849618,-97.878384,Hospital,Medical
OKMULOK,Okmulgee County Jail,314 W. 7th Street,Okmulgee,Okmulgee,OK,74447,Dallas,35.622193,-95.97455,IGSA,Non-Dedicated
OLACCLA,Lasalle Corr Ctr Olla,15976 Hwy 165,Olla,Lasalle,LA,71465,New Orleans,31.90283,-92.242647,IGSA,Non-Dedicated
OLDHAKY,Oldham County Jail,100 W Main Street,La Grange,Oldham,KY,40031,Chicago,38.40801,-85.379962,USMS IGA,Federal
OMAHOLD,Omaha FO Hold,2323 Avenue J,Omaha,Douglas,NE,68110,St. Paul,41.282073,-95.89876,Hold,Hold/Staging
ONECONY,Oneida County Jail,6075 Judd Road,Oriskany,Oneida,NY,13424,Buffalo,43.155928,-75.376811,IGSA,Non-Dedicated
ONONDNY,Onondaga County Jail,555 South State Street,Syracuse,Onondaga,NY,13202,Buffalo,43.046259,-76.146547,USMS IGA,Federal
ONSLONC,Onslow County Jail,717 Court Street,Jacksonville,Onslow,NC,28540,Atlanta,34.75168,-77.431188,,Non-Dedicated
ONTARNY,Ontario County Jail,3045 County Complex Drive,Canandaigua,Ontario,NY,14424,Buffalo,42.88079,-77.212579,USMS IGA,Federal
ORANGFL,Orange County Jail,3855 South John Young Parkway,Orlando,Orange,FL,32839,Miami,28.503854,-81.416379,USMS IGA,Federal
ORANGNY,Orange County Jail,110 Wells Farm Road,Goshen,Orange,NY,10924,New York,41.40488,-74.359495,IGSA,Non-Dedicated
ORLEANY,Orleans County Jail,26 South Platt Street,Albion,Orleans,NY,14411,Buffalo,43.245664,-78.192512,IGSA,Non-Dedicated
ORLHOLD,Orlando Hold Room,9403 Tradeport Drive,Orlando,Orange,FL,32827,Miami,28.428122,-81.33312,Hold,Hold/Staging
ORPARLA,Orleans Parish Sheriff,2800 Gravier Street,New Orleans,Orleans,LA,70119,New Orleans,29.959079,-90.093647,IGSA,Non-Dedicated
OSAHOKS,Osawatamie State Hospital,500 State Hospital Drive,Osawatomie,Miami,KS,66064,Chicago,38.513666,-94.939889,Hospital,Medical
OSCEOFL,Osceola County Jail,402 Simpson Road,Kissimmee,Osceola,FL,34744,Miami,28.295161,-81.35229,Unknown,Other/Unknown
OTEROCO,Otero County Jail,222 East Second Street,Lajunta,Otero,CO,81050,Denver,37.986735,-103.539579,USMS IGA,Federal
OTERONM,Otero County Detention,1000 New York,Alamogordo,Otero,NM,88310,El Paso,32.852156,-106.007837,IGSA,Non-Dedicated
OTROPNM,Otero County Prison Facility,10 McGregor Range Road,Chaparral,Otero,NM,88081,El Paso,32.078524,-106.278305,USMS IGA,Federal
OTRPCNM,Otero Co Processing Center,26 McGregor Range Road,Chaparral,Otero,NM,88081,El Paso,32.080236,-106.281743,DIGSA,Dedicated
OZARKMO,Ozark County Sheriff'S Office,1818 County Rd 806 ,Gainesville,Ozark,MO,65655,Chicago,36.599931,-92.449069,IGSA,Non-Dedicated
PALMBFL,Palm Beach County Jail,3228 Gun Club Road,West Palm Beach,Palm Beach,FL,33406,Miami,26.670366,-80.092549,IGSA,Non-Dedicated
PAMREVA,Pamunkey Reg Jail,7240 Courtland Farm Road,Hanover,Hanover,VA,23069,Washington,37.760326,-77.353665,USMS IGA,Federal
PAMSATX,Pam Health Specialty Hospital 1,,,Unknown,TX,00nan,Unknown,31.968599,-99.901813,Hospital,Medical
PARKCMT,Park County Det Center,414 E. Callender,Livingston,Park,MT,59047,Salt Lake City,45.663298,-110.555669,IGSA,Non-Dedicated
PARKCWY,Park County Jail,1402 River View Drive,Cody,Park,WY,82414,Denver,44.525701,-109.066188,IGSA,Non-Dedicated
PARKJCO,Park County Jail,1180 County Road 16,Fairplay,Park,CO,80440,Denver,39.223541,-105.988837,IGSA,Non-Dedicated
PASADCA,Pasadena City Jail,207 North Garfield Avenue,Pasadena,Los Angeles,CA,91101,Los Angeles,34.149079,-118.144606,IGSA,Non-Dedicated
PASSANJ,Passaic County Jail,11 Sheriffs Plaza,Paterson,Passaic,NJ,07501,Newark,40.913183,-74.17315,IGSA,Non-Dedicated
PAVHRPR,Pavia Hospital - Hato Rey,435 Avenida Juan Ponce De Leon,San Juan,San Juan,PR,00917,Miami,18.419381,-66.055959,Hospital,Medical
PBDPDMA,Peabody PD,6 Allens Ln,Peabody,Essex,MA,01960,Boston,42.52411,-70.940598,Unknown,Other/Unknown
PCJDCIL,Peoria County Juv Det Center,223 N Maxwell Rd,Peoria,Peoria,IL,61604,Chicago,40.689482,-89.696028,Juvenile,Family/Youth
PCKNSAL,Pickens County Det Ctr,188 Cemetery St,Carrollton,Pickens,AL,35447,New Orleans,33.260415,-88.095969,IGSA,Non-Dedicated
PCRMMGA,Piedmount Columbus Reg Midtown MC,710 Center St,Columbus,Muscogee,GA,31901,Atlanta,32.480469,-84.981682,Hospital,Medical
PCSHOLD,Pecos Hold Room,250 East Palmer Road,Pecos,Reeves,TX,79772,El Paso,31.422912,-103.493229,Hold,Hold/Staging
PDNHOLD,Pdn Hold Room,1000 S. El Paso Street,El Paso,El Paso,TX,79901,El Paso,31.749959,-106.486227,Hold,Hold/Staging
PECOSTX,Pecos Criminal Justice Center,172 West Raul Florez Boulevard,Pecos,Reeves,TX,79772,El Paso,31.39851,-103.511566,IGSA,Non-Dedicated
PEMBIND,Pembina County Jail,308 Court House Drive,Cavalier,Pembina,ND,58220,St. Paul,48.790858,-97.625832,IGSA,Non-Dedicated
PENDOWA,Pend Orielle Correctional Facility,331 South Garden Avenue,Newport,Pend Oreille,WA,99156,Seattle,48.17839,-117.059056,IGSA,Non-Dedicated
PENDRNC,Pender County Jail,104 N. Walker Street,Burgaw,Pender,NC,28425,Atlanta,34.552325,-77.925092,Unknown,Other/Unknown
PENNISD,Pennington County Jail SD,307 Saint Joseph Street,Rapid City,Pennington,SD,57701,St. Paul,44.078722,-103.221573,USMS IGA,Federal
PENOBME,Penobscot County Jail,85 Hammond Street,Bangor,Penobscot,ME,04401,Boston,44.802312,-68.772726,USMS IGA,Federal
PERRYAL,Perry County Corr. Center,United States Highway 80 East,Uniontown,Perry,AL,36786,New Orleans,32.44984,-87.491549,IGSA,Non-Dedicated
PHELPMO,Phelps County Jail,301 W. 2nd,Rolla,Phelps,MO,65401,Chicago,37.945412,-91.772641,USMS IGA,Federal
PHELPNE,Phelps County Jail,715 5th Avenue,Holdrege,Phelps,NE,68949,St. Paul,40.439544,-99.370365,USMS IGA,Federal
PHIHOLD,Phi District Office,1600 Callowhill St,Philadelphia,Philadelphia,PA,19130,Philadelphia,39.959806,-75.165615,Hold,Hold/Staging
PHILLMT,"Phillips County Jail, MT",314 South 2nd Avenue West,Malta,Phillips,MT,59538,Salt Lake City,48.357196,-107.878512,IGSA,Non-Dedicated
PHOHOLD,Phoenix Dist Office,2035 North Central Avenue,Phoenix,Maricopa,AZ,85004,Phoenix,33.470846,-112.073198,Hold,Hold/Staging
PHOSMGA,Phoebe Sumter Med Ctr,126 Us-280,Americus,Sumter,GA,31719,Atlanta,32.066981,-84.255731,Hospital,Medical
PHPMHGA,Phoebe Putney Memorial Hosp,417 W Third Ave,Albany,Dougherty,GA,31701,Atlanta,31.590614,-84.158131,Hospital,Medical
PIC,Port Isabel SPC,27991 Buena Vista Blvd,Los Fresnos,Cameron,TX,78566,Harlingen,26.155135,-97.338347,SPC,Dedicated
PICKJOH,Pickaway County Jail,600 Island Road,Circleville,Pickaway,OH,43113,Detroit,39.611782,-82.951697,IGSA,Non-Dedicated
PIERCND,Pierce County Jail,110 Industial Park Road ,Rugby,Pierce,ND,58368,St. Paul,48.367208,-100.00361,Other,Other/Unknown
PIKCOPA,Pike County Jail,175 Pike County Boulevard,Lords Valley,Pike,PA,18428,Philadelphia,41.389015,-75.071341,IGSA,Non-Dedicated
PIMAJAZ,Pima County Jail,1270 West Silverlake Road,Tucson,Pima,AZ,85713,Phoenix,32.200389,-110.990492,IGSA,Non-Dedicated
PINALAZ,Pinal County Jail,971 N. Jason Lopez Circle,Florence,Pinal,AZ,85132,Phoenix,33.041193,-111.376136,IGSA,Non-Dedicated
PINELFL,Pinellas County Jail,14400 49th Street North,Clearwater,Pinellas,FL,33762,Miami,27.902852,-82.703939,USMS IGA,Federal
PINEPLA,Pine Prairie ICE Processing Center,1133 Hampton Dupre Road,Pine Prairie,Evangeline,LA,70576,New Orleans,30.78861,-92.423515,DIGSA,Dedicated
PISCAME,Piscataguis County Jail,52 Court Street,Dover-Foxcroft,Piscataquis,ME,04426,Boston,45.182719,-69.224296,USMS IGA,Federal
PITHOLD,Pittsburgh Holdroom,3000 Sidney St Suite 100,Pittsburgh,Allegheny,PA,15203,Philadelphia,40.424832,-79.960811,Hold,Hold/Staging
PKCNTPA,Pike County Jail,175 Pike County Boulevard,Lords Valley,Pike,PA,18428,Philadelphia,41.389015,-75.071341,IGSA,Non-Dedicated
PKEHOLD,Pike County ERO Hold Room,170 Pike County Blvd,Hawley,Pike,PA,18428,Philadelphia,41.388518,-75.072497,Hold,Hold/Staging
PKLDHTX,Parkland Hospital,5200 Harry Hines Blvd,Dallas,Dallas,TX,75235,Dallas,32.813564,-96.8348,Hospital,Medical
PLATTMO,Platte County Jail,415 Third Street,Platte City,Platte,MO,64079,Chicago,39.371428,-94.780186,IGSA,Non-Dedicated
PLATTWY,Platte County Jail,850 Maple Street,Wheatland,Platte,WY,82201,Denver,42.055593,-104.95226,USMS IGA,Federal
PLMBHTX,Palms Behavioral Health,613 Victoria Ln,Harlingen,Cameron,TX,78550,Harlingen,26.163492,-97.671658,Hospital,Medical
PLMVWTX,Palmview Police Dept.,400 W Veterans Blvd,Palmview,Hidalgo,TX,78572,Harlingen,26.237153,-98.373733,Unknown,Other/Unknown
PLRMCCA,Palmdale Regional Medical Center,38600 Medical Center Dr,Palmdale,Los Angeles,CA,93551,Los Angeles,34.582908,-118.144416,Hospital,Medical
PLYMOMA,Plymouth Co Cor Facilty,26 Long Pond Road,Plymouth,Plymouth,MA,02360,Boston,41.931365,-70.65105,IGSA,Non-Dedicated
PMHOSFL,Palmetto Hospital,2001 W. 68th St.,Hialeah,Miami-Dade,FL,33016,Miami,25.885814,-80.32648,Hospital,Medical
PMMCAHI,Pali Momi Medical Center,98-1079 Moanalua Rd,Aiea,Honolulu,HI,96701,San Francisco,21.383484,-157.938421,Hospital,Medical
PMREGVA,Piedmont Reg Jail,801 Industrial Park Road,Farmville,Prince Edward,VA,23901,Washington,37.324301,-78.428611,IGSA,Non-Dedicated
POLKCTX,IAH Secure Adult Det. Facility,3400 Fm 350 South,Livingston,Polk,TX,77351,Houston,30.697676,-95.006068,DIGSA,Dedicated
POLKJFL,Polk County Jail,2390 Bob Phillips Road,Bartow,Polk,FL,33830,Miami,27.898439,-81.843567,,Non-Dedicated
POLKJIA,Polk County Jail,1985 NE 51st Place,Des Moines,Polk,IA,50313,St. Paul,41.653639,-93.587927,USMS IGA,Federal
POMHOLD,"Portland, ME Holdroom",,Portland,Cumberland,ME,00nan,Boston,43.670822,-70.284382,Hold,Hold/Staging
POMONCA,Pomona City Jail,490 West Mission Boulevard,Pomona,Los Angeles,CA,91766,Los Angeles,34.054497,-117.753928,USMS IGA,Federal
PONDEMT,Pondera County Jail,20 4th Avenue Southwest,Conrad,Pondera,MT,59425,Salt Lake City,48.168973,-111.948094,IGSA,Non-Dedicated
POOHOLD,Portland District Office,1111 Southwest 2nd Avenue,Portland,Multnomah,OR,97204,Seattle,45.515046,-122.67631,Hold,Hold/Staging
POTTAIA,Pottawattamie County Jail,1400 Big Lake Road,Council Bluffs,Pottawattamie,IA,51501,St. Paul,41.284391,-95.865053,USMS IGA,Federal
POTTRTX,Potter County Jail,13103 NE 29th,Amarillo,Potter,TX,79111,Dallas,35.241207,-101.66702,Unknown,Other/Unknown
PRESBNY,New York Presbyterian Hospital,,,Unknown,NY,00nan,New York,40.840731,-73.943081,Hospital,Medical
PRESITX,Presidio County Jail,310 North Highland Street,Marfa,Presidio,TX,79843,El Paso,30.313568,-104.021042,IGSA,Non-Dedicated
PRLDCTX,Prairieland Detention Center,1209 Sunflower Ln,Alvarado,Johnson,TX,76009,Dallas,32.422813,-97.195851,DIGSA,Dedicated
PRLHOLD,Prairieland Suboffice Hold Room,1209 Sunflower Ln,Alvarado,Johnson,TX,76009,Dallas,32.422813,-97.195851,Hold,Hold/Staging
PROHOLD,Providence Holdroom,1 International Way,Warwick,Kent,RI,02886,Boston,41.726912,-71.457027,Hold,Hold/Staging
PROWECO,Prowers County Jail,103 East Oak Street,Lamar,Prowers,CO,81052,Denver,38.086406,-102.618262,IGSA,Non-Dedicated
PRSHANM,Presbyterian Hosp Abq,1100 Central Ave SE,Albuquerque,Bernalillo,NM,87106,El Paso,35.081794,-106.634933,Hospital,Medical
PRUHOLD,Provo Hold Room,3075 North Main Street,Spanish Fork,Utah,UT,84660,Salt Lake City,40.148867,-111.659718,Hold,Hold/Staging
PRVEGAL,Vega Alta Det. Facility,"Bo. Espinosa Carr. #2, Km 2.4",Vega Alta,Vega Alta,PR,00692,Miami,18.413346,-66.323134,IGSA,Non-Dedicated
PRYCOAL,Perry County Jail,202 Pickens Street,Marion,Perry,AL,36756,New Orleans,32.634112,-87.317816,Unknown,Non-Dedicated
PTISATX,Pear Tree Inn SNA Airport,,San Antonio,Bexar,TX,00nan,San Antonio,29.42519,-98.494592,Hotel,Hotel
PTISBTX,Port Isabel Police Dept.,110 W Hickman Avenue,Port Isabel,Cameron,TX,78578,Harlingen,26.074272,-97.209646,Unknown,Other/Unknown
PUEBLCO,Pueblo County Jail,909 Court Street,Pueblo,Pueblo,CO,81003,Denver,38.275426,-104.610601,USMS IGA,Federal
PUEHOLD,Pueblo Holdroom,935 Co-67,Florence,Fremont,CO,81226,Denver,38.426566,-105.115631,Hold,Hold/Staging
PULASIL,Pulaski County Jail,1026 Shawnee College Road,Ullin,Pulaski,IL,62992,Chicago,37.269024,-89.164322,IGSA,Non-Dedicated
PUTMAFL,Putman County Jail,130 Orie Griffin Blvd,Palatka,Putnam,FL,32177,Miami,29.668428,-81.66187,Unknown,Other/Unknown
PUTNMTN,Putnam County Sheriff,421 East Spring St.,Cookeville,Putnam,TN,38501,New Orleans,36.161463,-85.497892,USMS IGA,Federal
PVLYHCA,Paradise Valley Hospital,2400 East Fourth Street,National City,San Diego,CA,91950,San Diego,32.685139,-117.082818,Hospital,Medical
PWHOSFL,Palms West Hospital,13001 Southern Blvd,Loxahatchee,Palm Beach,FL,33470,Miami,26.68414,-80.251376,Hospital,Medical
PWILLVA,Prince William,9320 Lee Avenue,Manassas,Manassas City,VA,20110,Washington,38.75199,-77.479966,USMS IGA,Federal
QLTYSCA,Quality Suites,2351 Otay Mesa Drive,Calipatria,Imperial,CA,92154,San Diego,32.552827,-116.938821,Hotel,Hotel
QUEHONY,Queens House Of Detention,126-01 82nd Street,Kew Gardens,Queens,NY,11415,New York,40.712879,-73.826087,IGSA,Non-Dedicated
QUEMCHI,Queen's Medical Center,1301 Punchbowl St,Honolulu,Honolulu,HI,96813,San Francisco,21.30847,-157.853858,Hospital,Medical
RAADCMN,"Ramsey ADC Annex, SPM",425 Grove Street,St. Paul,Ramsey,MN,55101,St. Paul,44.95625,-93.086346,USMS IGA,Federal
RADDFGA,Robert A Deyton Detention Fac,11866 Hastings Bridge Rd,Lovejoy,Clayton,GA,30250,Atlanta,33.434911,-84.306454,USMS IGA,Federal
RAMEPTX,Ramada By Wyndham El Paso,,El Paso,El Paso,TX,00nan,El Paso,31.761878,-106.485022,Hotel,Hotel
RAPPSVA,Rapp Sec Center,1745 Jefferson Davis Highway,Stafford,Fredericksburg City,VA,22554,Washington,38.295902,-77.48386,USMS IGA,Federal
RCKISIL,Rock Island Correctional Center,1317 Third Avenue,Rock Island,Rock Island,IL,61201,Chicago,41.509035,-90.580909,USMS IGA,Federal
RCMHOLD,Richmond Sub-Office Hold,400 N 8th St,Richmond,Richmond City,VA,23219,Washington,37.542914,-77.434048,Hold,Hold/Staging
RDHEATX,Radisson Htl Elp Airport,,El Paso,El Paso,TX,00nan,El Paso,31.761878,-106.485022,Hotel,Hotel
RDRVHTX,Red River Hospital,1505 8th St,Wichita Falls,Wichita,TX,76301,Dallas,33.906305,-98.501333,Hospital,Medical
RDUHOLD,Raleigh Hold Room,120 Wilkinson Ave,Cary,Wake,NC,27513,Atlanta,35.789434,-78.7805,Hold,Hold/Staging
REDETTX,Reeves County Det. Center,98 West County Road 204,Pecos,Reeves,TX,79772,El Paso,31.398651,-103.5111,IGSA,Non-Dedicated
REDHOLD,Redding Hold Room,443 Redcliff Dr,Redding,Shasta,CA,96002,San Francisco,40.574983,-122.362606,Hold,Hold/Staging
REHOSIL,Riveredge Hospital,8311 West Roosevelt Road,Forest Park,Cook,IL,60130,Chicago,41.865299,-87.828193,Hospital,Medical
REJAITX,Reeves County Jail,52 County Road 204,Pecos,Reeves,TX,79772,El Paso,31.391106,-103.533397,IGSA,Non-Dedicated
REJUVTX,Reeves Co. Juv. Det. Ctr.,98 W County Road 203,Pecos,Reeves,TX,79772,El Paso,31.400242,-103.491084,IGSA,Non-Dedicated
RENHOLD,Reno Hold Room,911 E Parr Blvd,Reno,Washoe,NV,89512,Salt Lake City,39.571183,-119.811114,Hold,Hold/Staging
RENSSNY,Rensselaer Co Sheriff,4000 Main Street,Troy,Rensselaer,NY,12180,Buffalo,42.709114,-73.700569,USMS IGA,Federal
RESIDTX,Residence Inn Dallas Ap,,Irving,Dallas,TX,00nan,Dallas,32.813615,-96.95469,Hotel,Hotel
RGHOSTX,Rio Grande St.Hospital,1401 Rangerville Rd.,Harlingen,Cameron,TX,78550,Harlingen,26.159369,-97.708133,Hospital,Medical
RGRNDTX,Rio Grande Detention Center,1001 San Rio Boulevard,Laredo,Webb,TX,78046,Harlingen,27.379374,-99.488991,USMS CDF,Federal
RGS,Rio Grande Valley Staging,27991 Buena Vista Blvd,Los Fresnos,Cameron,TX,78566,Harlingen,26.156901,-97.350556,Staging,Hold/Staging
RICECKS,Rice County Det Center,1482 West United States Highway 56,Lyons,Rice,KS,67554,Chicago,38.347752,-98.206254,IGSA,Non-Dedicated
RICHMVA,Richmond City Jail,1701 Fairfield Way,Richmond,Richmond City,VA,23223,Washington,37.546906,-77.423221,IGSA,Non-Dedicated
RICHOLD,Richland Hold Room,,Richland,Benton,WA,00nan,Seattle,46.28042,-119.2752,Hold,Hold/Staging
RICRANS,"ACI, Cranston RI",39 Howard Ave,Cranston,Providence,RI,02920,Boston,41.747265,-71.461104,IGSA,Non-Dedicated
RIHPRRI,Rhode Island Hospital,593 Eddy St,Providence,Providence,RI,02903,Boston,41.811448,-71.41093,Hospital,Medical
RIIHOLD,Rock Island Hold Room,1317 3rd Avenue,Rock Island,Rock Island,IL,61201,Chicago,41.509035,-90.580909,Hold,Hold/Staging
RIOCCCA,Rio Cosumnes Corrections-RCCC,12500 Bruceville Road,Elk Grove,Sacramento,CA,95757,San Francisco,38.306492,-121.420891,IGSA,Non-Dedicated
RIOGRCO,Rio Grande County Jail,640 Cherry Street,Del Norte,Rio Grande,CO,81132,Denver,37.6765,-106.350445,IGSA,Non-Dedicated
RIVERCA,Riverside County Sheriff,4095 Lemon Street,Riverside,Riverside,CA,92501,Los Angeles,33.978347,-117.374414,IGSA,Non-Dedicated
RMKHOLD,Roanoke Sub-Office Hold Room,103 West Main St,Salem,Salem City,VA,24153,Washington,37.292393,-80.06114,Hold,Hold/Staging
RMWYPAZ,Ramada By Wyndham Pho,,Phoenix,Maricopa,AZ,00nan,Phoenix,33.448295,-112.072549,Hotel,Hotel
RNDLLTX,Randall County Jail,9100 South Georgia Street,Amarillo,Randall,TX,79118,Dallas,35.117355,-101.867626,USMS IGA,Federal
ROANOVA,Roanoke County Jail,401 East Main Street,Salem,Salem City,VA,24153,Washington,37.29377,-80.053586,IGSA,Non-Dedicated
ROBERSD,"Roberts Co. Jail, SD",412 Third Avenue East,Sisseton,Roberts,SD,57262,St. Paul,45.663863,-97.047196,IGSA,Non-Dedicated
ROCGHNY,Rochester General Hospital,1425 Portland Ave,Rochester,Monroe,NY,14621,Buffalo,43.19246,-77.586356,Hospital,Medical
ROCKIIL,Rock Island County Jail,1317 3rd Avenue,Rock Island,Rock Island,IL,61201,Chicago,41.509114,-90.580835,USMS IGA,Federal
ROCKINH,Rockingham County Jail,101 North Road,Brentwood,Rockingham,NH,03833,Boston,43.014183,-71.050801,USMS IGA,Federal
ROCKIVA,Rockingham Co. Jail,25 South Liberty Street,Harrisonburg,Harrisonburg City,VA,22801,Washington,38.449218,-78.871079,USMS IGA,Federal
RONKEVA,Roanoke City Jail,340 Campbell Avenue Southwest,Roanoke,Roanoke,VA,24016,Washington,37.271202,-79.946584,USMS IGA,Federal
ROSEAMN,Roseau County Jail,302 Sixth Street,Roseau,Roseau,MN,56751,St. Paul,48.840541,-95.766087,IGSA,Non-Dedicated
ROSEBMT,Rosebud County Jail,180 South 13Th Avenue,Forsyth,Rosebud,MT,59327,Salt Lake City,46.266175,-106.673514,IGSA,Non-Dedicated
ROUTTCO,Routt County Jail,2025 Shield Drive,Steamboat Springs,Routt,CO,80487,Denver,40.501951,-106.8609,IGSA,Non-Dedicated
RPCHOLD,Rapid City Hold Room,1675 Samco Road,Rapid City,Pennington,SD,57702,St. Paul,44.100728,-103.266735,Hold,Hold/Staging
RRFINWA,Red Roof Inn,16838 International Blvd,SeaTac,King,WA,98188,Seattle,47.451428,-122.294836,Hotel,Hotel
RRIVRIL,Rock River Health Care,707 W. Riverside Dr,Rockford,Winnebago,IL,61103,Chicago,42.316522,-89.071751,Hospital,Medical
RSREGVA,Riverside Reg Jail,1000 River Road,Hopewell,Hopewell City,VA,23860,Washington,37.307343,-77.341247,USMS IGA,Federal
RSWHOLD,Roswell Hold Room,500 N. Richardson Ave,Roswell,Chaves,NM,88201,El Paso,33.398067,-104.524812,Hold,Hold/Staging
RVBHHTX,Rio Vista Behv Hlth Hsp,1390 Northwestern Drive,El Paso,El Paso,TX,79912,El Paso,31.879834,-106.574609,Hospital,Medical
RVRCCLA,River Correctional Center,26362 Highway 15,Ferriday,Concordia,LA,71334,New Orleans,31.597252,-91.557915,DIGSA,Dedicated
RWCCMLA,Richwood Cor Center,180 Pine Bayou Circle,Monroe,Ouachita,LA,71202,New Orleans,32.45689,-92.078471,DIGSA,Dedicated
SAAHOLD,Santa Ana DRO Holdroom,34 Civic Center Plaza,Santa Ana,Orange,CA,92701,Los Angeles,33.74845,-117.874986,Hold,Hold/Staging
SACHOLD,Sacramento Hold,650 Capitol Mall,Sacramento,Sacramento,CA,95814,San Francisco,38.578002,-121.499968,Hold,Hold/Staging
SACITCA,Santa Ana City Jail,62 Civic Center Drive,Santa Ana,Orange,CA,92701,Los Angeles,33.749981,-117.879947,IGSA,Non-Dedicated
SACRACA,Sacramento County Jail,651 I Street,Sacramento,Sacramento,CA,95814,San Francisco,38.582858,-121.497594,USMS IGA,Federal
SAGHOLD,San Angelo Holdroom,3197 Executive Dr,San Angelo,Tom Green,TX,76904,Dallas,31.421503,-100.463802,Hold,Hold/Staging
SAIHOLD,Saipain Hold,"Susupe, Saipan 96950, Cnmi",Saipan,Saipan,MP,96950,San Francisco,15.156784,145.702878,Hold,Hold/Staging
SAJHOLD,DHS/ICE/DRO,7 Cll Tabonucoguaynabo,Guaynabo,Guaynabo,PR,00968,Miami,18.407857,-66.10743,Staging,Hold/Staging
SALEMNJ,Salem County Correctional Facility,125 Cemetery Rd,Woodstown,Salem,NJ,08098,Newark,39.630188,-75.356951,USMS IGA,Federal
SALHOLD,Salisbury Hold Room,119 W Naylor Mill Road,Salisbury,Wicomico,MD,21801,Baltimore,38.411048,-75.571745,Hold,Hold/Staging
SALINNE,Saline County Jail,911 S Main Street,Wilber,Saline,NE,68465,St. Paul,40.474978,-96.962184,Other,Other/Unknown
SAMBCMI,Samaritan Behavioral Center,"5555 Conner Avenue, Suite 3 North",Detroit,Wayne,MI,48213,Detroit,42.390764,-82.982269,Hospital,Medical
SANANCA,Santa Ana County Jail,62 Civic Center Drive,Santa Ana,Orange,CA,92701,Los Angeles,33.749981,-117.879947,IGSA,Non-Dedicated
SANDONM,Sandoval County Det Ctr,100 Montoya Road,Bernalillo,Sandoval,NM,87004,El Paso,35.32143,-106.571049,IGSA,Non-Dedicated
SANJAIL,Sangamon County Jail,1 Sheriffs Plaza,Springfield,Sangamon,IL,62701,Chicago,39.79999,-89.642687,USMS IGA,Federal
SANMINM,San Miguel County Det Ctr,26 Nm 283,Las Vegas,San Miguel,NM,87701,El Paso,35.558545,-105.228369,IGSA,Non-Dedicated
SANTANM,Santa Fe County Jail,2515 Camino Entrada,Santa Fe,Santa Fe,NM,87507,El Paso,35.63601,-106.01992,IGSA,Non-Dedicated
SARASFL,Sarasota County Jail,2020 Main St,Sarasota,Sarasota,FL,34237,Miami,27.336241,-82.529789,IGSA,Non-Dedicated
SARJUNE,Sarpy County Juvenile,1257 Goldengate Drive #8,Papillion,Sarpy,NE,68048,St. Paul,41.141401,-96.03923,Juvenile,Family/Youth
SARPYNE,Sarpy County Jail,1208 Golden Gate Drive,Papillion,Sarpy,NE,68046,St. Paul,41.140526,-96.041875,USMS IGA,Federal
SAUKCWI,Sauk County Sheriff,1300 Lange Court,Baraboo,Sauk,WI,53913,Chicago,43.461426,-89.766698,USMS IGA,Federal
SAVHOLD,Savannah Hold Room,49 Park of Commerce Blvd,Savannah,Chatham,GA,31405,Atlanta,32.068623,-81.163982,Hold,Hold/Staging
SBARBCA,Santa Barbara County Jail,4436 Calle Real,Santa Barbara,Santa Barbara,CA,93110,Los Angeles,34.444565,-119.777383,Other,Other/Unknown
SBDHOLD,San Bernadino Hold Room,655 West Rialto Avenue,San Bernardino,San Bernardino,CA,92410,Los Angeles,34.100692,-117.297298,Hold,Hold/Staging
SBERNCA,San Bernardino Co. Jail,630 East Rialto Avenue,San Bernardino,San Bernardino,CA,92408,Los Angeles,34.102385,-117.274045,USMS IGA,Federal
SBNTOTX,San Benito Police Dept.,601 N Oscar Williams Rd,San Benito,Cameron,TX,78586,Harlingen,26.153772,-97.644349,Unknown,Other/Unknown
SCNORCA,Santa Clara Co Main Jail,885 North San Pedro St,San Jose,Santa Clara,CA,95110,San Francisco,37.351006,-121.905942,USMS IGA,Federal
SCOTTIA,Scott County Det.Facility,400 West 4th Street ,Davenport,Scott,IA,52801,St. Paul,41.524037,-90.57943,USMS IGA,Federal
SCOTTMO,Scott County Jail,211 S. New Madrid St.,Benton,Scott,MO,63786,Chicago,37.096081,-89.564969,IGSA,Non-Dedicated
SCOTTNE,Scotts Bluff Co Jail,1725 10th St,Gering,Scotts Bluff,NE,69341,St. Paul,41.826335,-103.660919,USMS IGA,Federal
SCRUZAZ,Santa Cruz Co Jail AZ,1250 North Hohokam Drive,Nogales,Santa Cruz,AZ,85621,Phoenix,31.355398,-110.92786,USMS IGA,Federal
SCVMCCA,Sharp Chula Vista Medical Center,751 Medical Center Ct,Chula Vista,San Diego,CA,91911,San Diego,32.619414,-117.023342,Hospital,Medical
SDHOSCA,San Diego Area Hospital,751 Med. Center Ct,Chula Vista,San Diego,CA,91911,San Diego,32.618532,-117.022314,Hospital,Medical
SDPROCA,S.D. County Probation,3977 Ohio Street,San Diego,San Diego,CA,92104,San Diego,32.749842,-117.128589,Other,Other/Unknown
SEAHOLD,Seattle Field Office Hold Room,12500 Tukwilla Intl.,Seattle,King,WA,98168,Seattle,47.49047,-122.291209,Hold,Hold/Staging
SEBASAR,Sebastian County Det Cnt,801 South A Street,Fort Smith,Sebastian,AR,72901,New Orleans,35.382742,-94.425111,USMS IGA,Federal
SENECNY,Seneca County Jail,44 W. William St.,Corning,Steuben,NY,14830,Buffalo,42.723362,-76.830475,IGSA,Non-Dedicated
SENECOH,Seneca County Jail,3040 South State Highway 100,Tiffin,Seneca,OH,44883,Detroit,41.079353,-83.153875,IGSA,Non-Dedicated
SEVIETN,Sevier County Jail,137 Commerce Street,Sevierville,Sevier,TN,37862,New Orleans,35.86832,-83.567201,,Non-Dedicated
SFCORNM,Santa Fe Cornell Det. Fac.,4312 Highway 14 Santa Fe Nm 87505,Santa Fe,Santa Fe,NM,87508,El Paso,35.561593,-106.053594,IGSA,Non-Dedicated
SFDHOLD,Sioux Falls Hold Room,300 East 8th Street,Sioux Falls,Minnehaha,SD,57103,St. Paul,43.549968,-96.723392,Hold,Hold/Staging
SFRHOLD,SFR Hold Room,630 Sansome St.,San Francisco,San Francisco,CA,94111,San Francisco,37.796192,-122.401469,Hold,Hold/Staging
SGUHOLD,"St. George, UT Holdroom",265 N 200 E,Saint George,Washington,UT,84770,Salt Lake City,37.11272,-113.579896,Hold,Hold/Staging
SHACOKS,Shawnee County Dept Of Corr.,501 Southeast 8th Avenue,Topeka,Shawnee,KS,66607,Chicago,39.046694,-95.669194,IGSA,Non-Dedicated
SHAJUKS,Shawnee County Juv.Det.Ctr,401 SE 8th Street,Topeka,Shawnee,KS,66607,Chicago,39.040454,-95.636344,Juvenile,Family/Youth
SHECOVA,Shenandoah Co Jail,109 West Court Street,Woodstock,Shenandoah,VA,22664,Washington,38.881808,-78.505959,IGSA,Non-Dedicated
SHERBMN,Sherburne County Jail,13880 United States Highway 10,Elk River,Sherburne,MN,55330,St. Paul,45.304588,-93.619121,USMS IGA,Federal
SHERIMT,Sheridan County Jail,100 West Laurel Avenue,Plentywood,Sheridan,MT,59254,Salt Lake City,48.778432,-104.556474,IGSA,Non-Dedicated
SHERIWY,Sheridan County Jail,54 West 13Th Street,Sheridan,Sheridan,WY,82801,Denver,44.815589,-106.956809,IGSA,Non-Dedicated
SHNMCTX,Shannon Medical Center,120 E Harris Ave,San Angelo,Tom Green,TX,76903,Dallas,31.46531,-100.434582,Hospital,Medical
SILBOMT,Butte-Silver Bow County Jail,155 West Quartz Street,Butte,Silver Bow,MT,59701,Salt Lake City,46.015487,-112.539093,IGSA,Non-Dedicated
SILERTN,Silverdale/Hamilton County,7609 Standifer Gap Road,Chattanooga,Hamilton,TN,37421,New Orleans,35.05213,-85.132134,IGSA,Non-Dedicated
SIOUXIA,Sioux County Jail,4363 Ironwood Avenue,Orange City,Sioux,IA,51041,St. Paul,43.018516,-96.076658,USMS IGA,Federal
SISAONE,Sleep Inn Suites Airport,2525 Abbott Drive,Omaha,Douglas,NE,68110,St. Paul,41.281866,-95.909364,Hotel,Hotel
SITKAAK,"Sitka City Jail, Sitka AK",304 Lake Street,Sitka,Sitka,AK,99835,Seattle,57.052628,-135.33374,IGSA,Non-Dedicated
SJS,San Juan Staging,"651 Federal Drive, Suite 104",Guaynabo,Guaynabo,PR,00965,Miami,18.426065,-66.106493,Staging,Hold/Staging
SJUANNM,San Juan County Detention Center,103 South Oliver Drive,Aztec,San Juan,NM,87410,El Paso,36.825852,-108.021883,USMS IGA,Federal
SJUANTX,San Juan Police Dept.,2301 N Raul Longoria Rd,San Juan,Hidalgo,TX,78589,Harlingen,26.217854,-98.150045,Unknown,Other/Unknown
SJUHOLD,San Juan Airport Hold Room,Luis Munoz Marin International Airport,San Juan,Carolina,PR,00937,Miami,18.439504,-65.999228,Hold,Hold/Staging
SLBHSTX,St Luke's Baptist Hospital,7930 Floyd Curl Dr,San Antonio,Bexar,TX,78229,San Antonio,29.512479,-98.575069,Hospital,Medical
SLCHOLD,Salt Lake City Hold Room,3575 Market St,West Valley City,Salt Lake,UT,84119,Salt Lake City,40.694885,-111.960017,Hold,Hold/Staging
SLHTWTX,St Luke's Health - The Woodlands,17200 St Lukes Way,The Woodlands,Montgomery,TX,77384,Houston,30.205912,-95.458621,Hospital,Medical
SLINPAZ,Sleep Inn Phoenix,,Phoenix,Maricopa,AZ,00nan,Phoenix,33.448295,-112.072549,Hotel,Hotel
SLJUVCA,San Luis Obispo Co. Juven,1065 Kansas Avenue,San Luis Obispo,San Luis Obispo,CA,93405,Los Angeles,35.321265,-120.718851,Unknown,Other/Unknown
SLOBICA,San Luis Obispo Co Jail,1585 Kansas Avenue,San Luis Obispo,San Luis Obispo,CA,93406,Los Angeles,35.320681,-120.726557,Other,Other/Unknown
SLRDCAZ,San Luis Regional Det Center,406 North Avenue D,San Luis,Yuma,AZ,85349,Phoenix,32.484294,-114.684724,IGSA,Non-Dedicated
SLSLCUT,Salt Lake County Jail,3415 South 900 West,Salt Lake City,Salt Lake,UT,84119,Salt Lake City,40.696738,-111.916404,USMS IGA,Federal
SMAHOLD,Santa Maria Sub Office ERO,"740 West Century Street, Suite A",Santa Maria,Santa Barbara,CA,93455,Los Angeles,34.918112,-120.444773,Unknown,Other/Unknown
SMARYMD,St. Mary's Co Det Cntr,41880 Baldridge Street,Leonardtown,St. Mary's,MD,20650,Baltimore,38.302889,-76.627877,IGSA,Non-Dedicated
SMITHTX,Smith County Jail,2811 Public Road,Tyler,Smith,TX,75702,Dallas,32.389963,-95.328045,,Non-Dedicated
SMNOLFL,Seminole County Jail,211 Eslinger Way,Sanford,Seminole,FL,32773,Miami,28.74804,-81.300144,Unknown,Other/Unknown
SMRVLTX,Somervell County Sheriff's Dept.,750 Bo Gibbs Blvd,Glen Rose,Somervell,TX,76043,Houston,32.250103,-97.750965,Unknown,Other/Unknown
SNAHOLD,San Antonio Dro Hold Room,8940 Fourwinds Drive,San Antonio,Bexar,TX,78239,San Antonio,29.523276,-98.390798,Hold,Hold/Staging
SNDCOCA,San Diego County Jail,446 Alta Rd,San Diego,San Diego,CA,92158,San Diego,32.589546,-116.919743,IGSA,Non-Dedicated
SNDHOLD,SND District Staging,220 W C St,San Diego,San Diego,CA,92101,San Diego,32.716919,-117.165135,Hold,Hold/Staging
SNJHOLD,SNJ Hold Room,1887 Monterey Road,San Jose,Santa Clara,CA,95112,San Francisco,37.308099,-121.867504,Hold,Hold/Staging
SOBAYCA,South Bay Detent Facility,500 3rd Avenue,Chula Vista,San Diego,CA,91910,San Diego,32.632554,-117.07757,IGSA,Non-Dedicated
SOLONOH,Solon City Jail,33000 Solon Road,Solon,Cuyahoga,OH,44139,Detroit,41.388145,-81.444189,IGSA,Non-Dedicated
SOMERME,Somerset County Jail,131 East Madison Road,Madison,Somerset,ME,04950,Boston,44.79261,-69.727171,IGSA,Non-Dedicated
SONMACA,Sonoma Co Main Adult Det,2777 Ventura Avenue,Santa Rosa,Sonoma,CA,95403,San Francisco,38.467343,-122.725411,Unknown,Other/Unknown
SOUTECO,Southern Ute Detention Center,149 Co Rd 517,Ignacio,La Plata,CO,81137,Denver,37.133555,-107.633452,IGSA,Non-Dedicated
SP8WWTX,Super 8 Wyndham Weslaco,,Weslaco,Hidalgo,TX,00nan,Harlingen,26.159519,-97.990837,Hotel,Hotel
SPGHOLD,Springfield Dro Hold,2401 W. Old Route 66,Strafford,Greene,MO,65757,Chicago,37.251825,-93.167864,Hold,Hold/Staging
SPHOSCA,San Pedro Peninsula Hospital,1300 W 7th St,San Pedro,Los Angeles,CA,90732,Los Angeles,33.738408,-118.305044,Hospital,Medical
SPIPDTX,South Padre Island Police Dept.,4601 Padre Blvd,South Padre Island,Cameron,TX,78597,Harlingen,26.118229,-97.17065,Unknown,Other/Unknown
SPMHOLD,US INS/Detention & Deportation,2901 Metro Drive Ste 100,Bloomington,Hennepin,MN,55425,St. Paul,44.859621,-93.229519,Hold,Hold/Staging
SPOHOLD,Spokane Hold Room,,Spokane,Spokane,WA,00nan,Seattle,47.657971,-117.423532,Hold,Hold/Staging
SPOTSVA,Spotsylvania Reg Med Ctr,4600 Spotsylvania County Pkwy,Fredericksburg,Spotsylvania,VA,22408,Washington,38.217389,-77.495905,Hospital,Medical
SPRNGOR,Springfield City Jail,344 A Street,Springfield,Lane,OR,97477,Seattle,44.047363,-123.021309,IGSA,Non-Dedicated
SRJDFID,Snake River Juvenile,2515 Wright Avenue,Twin Falls,Twin Falls,ID,83301,Salt Lake City,42.543659,-114.432809,Juvenile,Family/Youth
SROSAFL,Santa Rosa County Jail,5755 East Milton Road,Milton,Santa Rosa,FL,32583,Miami,30.643524,-86.97432,Unknown,Other/Unknown
SSHBWTX,Surestay Hotel Best West,,Mission,Hidalgo,TX,00nan,Harlingen,26.215907,-98.325293,Hotel,Hotel
SSHSWMA,South Shore Hospital,55 Fogg Rd,South Weymouth,Norfolk,MA,02190,Boston,42.176104,-70.953945,Hospital,Medical
SSMHOLD,Sault Sainte Marie Holdroom,325 Court Suite #3,Sault Ste. Marie,Chippewa,MI,49783,Detroit,46.497712,-84.347588,Hold,Hold/Staging
SSPBAAZ,Staybridge Ste Pho  B A ,,Phoenix,Maricopa,AZ,00nan,Phoenix,33.448295,-112.072549,Hotel,Hotel
STAHOLD,Saint Albans Hold Room,64 Gricebrook Road,Saint Albans,Franklin,VT,05478,Boston,44.801469,-73.073403,Hold,Hold/Staging
STCDFTX,South Texas ICE Processing Center,566 Veterans Drive,Pearsall,Frio,TX,78061,San Antonio,28.895024,-99.121062,CDF,Dedicated
STCHOVA,Sentara Careplex Hospital,3000 Coliseum Dr,Hampton,Hampton City,VA,23666,Washington,37.056842,-76.39017,Hospital,Medical
STCHRLA,St Charles Parish Jail,5061 La Highway 3127,Killona,St. Charles Parish,LA,70057,New Orleans,29.993155,-90.502031,,Non-Dedicated
STCLAMI,St. Clair County Jail,1170 Michigan Road,Port Huron,St. Clair,MI,48060,Detroit,42.942224,-82.479268,IGSA,Non-Dedicated
STCROWI,St. Croix County Jail,1101 Carmichael Rd,Hudson,St. Croix,WI,54016,Chicago,44.981586,-92.722663,IGSA,Non-Dedicated
STDHOLD,South Texas/Pearsall Hold Room,566 Veterans Drive,Pearsall,Frio,TX,78061,San Antonio,28.895024,-99.121062,Hold,Hold/Staging
STEUBNY,Steuben County Jail,7007 Rumsey Street Extension,Bath,Steuben,NY,14810,Buffalo,42.349585,-77.295545,IGSA,Non-Dedicated
STEVEWA,Stevens County Jail,215 South Oak Street,Colville,Stevens,WA,99114,Seattle,48.542837,-117.903411,IGSA,Non-Dedicated
STFRCTX,South Texas Fam Residential Center,1925 West Highway 85,Dilley,Frio,TX,78017,San Antonio,28.657938,-99.200446,Family,Family/Youth
STGENMO,Ste. Genevieve County Sheriff/Jail,5 Basler Drive,Ste. Genevieve,Ste. Genevieve,MO,63670,Chicago,37.965948,-90.055775,USMS IGA,Federal
STJMCWA,St Joseph Medical Center,1717 S J St,Tacoma,Pierce,WA,98405,Seattle,47.245494,-122.448,Hospital,Medical
STJONFL,St. John's County Jail,3955 Lewis Speedway,St. Augustine,St. Johns,FL,32095,Miami,29.940298,-81.338799,Unknown,Other/Unknown
STJOSAZ,St. Joseph's Hospital & Med. Cen.,350 West Thomas Rd,Phoenix,Maricopa,AZ,85013,Phoenix,33.48165,-112.080808,Hospital,Medical
STJOSCA,St. Joseph's Hospital,1100 West Stewart Drive,Orange,Orange,CA,92868,Los Angeles,33.781122,-117.864236,Hospital,Medical
STJOSCO,Saint Joseph Hospital,1375 E 19th Ave,Denver,Denver,CO,80218,Denver,39.746693,-104.971246,Hospital,Medical
STK,Stockton Staging Facility,22 East Market Street,Stockton,San Joaquin,CA,95202,San Francisco,37.951203,-121.290067,Staging,Hold/Staging
STLAWNY,St Lawrence County Jail,5 Judson Street,Canton,St. Lawrence,NY,13617,Buffalo,44.599024,-75.168897,IGSA,Non-Dedicated
STLHOLD,St. Louis Holdroom,1222 Spruce Street,St. Louis,St. Louis City,MO,63101,Chicago,38.624379,-90.200383,Hold,Hold/Staging
STLUCFL,St. Lucie County Jail,900 N. Rock Rd,Fort Pierce,St. Lucie,FL,34945,Miami,27.453364,-80.409902,IGSA,Non-Dedicated
STMARAZ,St Mary's Hospital,1601 West Saint Marys Road,Tucson,Pima,AZ,85745,Phoenix,32.22733,-111.000127,Hospital,Medical
STMARCA,St Mary Medical Center,18300 California 18,Apple Valley,San Bernardino,CA,92307,Los Angeles,34.541848,-117.265564,Hospital,Medical
STMRYIL,St. Mary of The Nazareth,2233 West Division Street,Chicago,Cook,IL,60622,Chicago,41.9027,-87.683614,Hospital,Medical
STOPDIL,Stone Park Police Dept.,1629 North Mannheim Road,Stone Park,Cook,IL,60165,Chicago,41.901045,-87.883492,IGSA,Non-Dedicated
STORYIA,Story County Jail,1315 South B Avenue,Nevada,Story,IA,50201,St. Paul,42.011237,-93.442296,USMS IGA,Federal
STRAFNH,Strafford Co Dept Of Corr,266 County Farm Road,Dover,Strafford,NH,03820,Boston,43.218152,-70.939928,IGSA,Non-Dedicated
STRMONY,Strong Memorial Hospital,601 Elmwood Ave,Rochester,Monroe,NY,14642,Buffalo,43.122571,-77.62568,Hospital,Medical
STTAMLA,St Tammany Parish Jail,701 North Columbia Street,Covington,St. Tammany,LA,70433,New Orleans,30.493376,-90.106166,IGSA,Non-Dedicated
STTCJVI,St T Criminal Just Complx,Hospital Gade And Veterans Drive,Charlotte Amalie,St. Thomas,VI,00802,Miami,18.340598,-64.927968,IGSA,Non-Dedicated
STUHOLD,Stuart Hold Room,3500 SE Commerce Ave,Stuart,Martin,FL,34997,Miami,27.16282,-80.221997,Hold,Hold/Staging
STUTSND,"Stutsman Co. Jail, ND",205 6th Street SE,Jamestown,Stutsman,ND,58401,St. Paul,46.903533,-98.705877,IGSA,Non-Dedicated
STWRTGA,Stewart Detention Center,146 Cca Road,Lumpkin,Stewart,GA,31815,Atlanta,32.036603,-84.771832,DIGSA,Dedicated
SUFFOMA,Suffolk Hoc Sbay,20 Bradston Street,Boston,Suffolk,MA,02118,Boston,42.334415,-71.067724,IGSA,Non-Dedicated
SUFFONY,Suffolk Co.Correc Fac,100 Center Drive,Riverhead,Suffolk,NY,11901,New York,40.914956,-72.672496,USMS IGA,Federal
SUMMIUT,Summit County Jail,6300 North Silver Creek Drive,Park City,Summit,UT,84098,Salt Lake City,40.722411,-111.480345,IGSA,Non-Dedicated
SUMTEFL,Sumter County Jail,219 E Anderson Avenue,Bushnell,Sumter,FL,33513,Miami,28.662924,-82.109555,Unknown,Other/Unknown
SUNNYWA,Sunnyside Jail,401 Homer Street,Sunnyside,Yakima,WA,98944,Seattle,46.32822,-120.024405,IGSA,Non-Dedicated
SUPHDTX,Super 8 By Wyndham,,Hidalgo,Hidalgo,TX,00nan,Harlingen,26.168976,-97.97438,Hotel,Hotel
SUSSEDE,"Sussex Co Pris,Geotwn,DE",23203 Dupont Boulevard,Georgetown,Sussex,DE,19947,Philadelphia,38.659972,-75.370002,IGSA,Non-Dedicated
SUSSENJ,Sussex County Jail,410 High Street,Newton,Sussex,NJ,07860,Newark,41.056776,-74.758783,IGSA,Non-Dedicated
SUWANFL,Suwannee County Jail,200 Ohio Ave S,Live Oak,Suwannee,FL,32064,Miami,30.295577,-82.98496,Unknown,Other/Unknown
SWEETWY,Sweetwater County Jail,50140 United States Highway 191 South,Rock Springs,Sweetwater,WY,82901,Denver,41.598487,-109.241243,USMS IGA,Federal
SXCHOLD,Sioux City Hold Room,1400 Pierce Street,Sioux City,Woodbury,IA,51101,St. Paul,42.505249,-96.40476,Hold,Hold/Staging
SYRHOLD,Syracuse Hold Room,152 Air Cargo Road Suite 201,N Syracuse,Onondaga,NY,13212,Buffalo,43.111676,-76.123955,Hold,Hold/Staging
TAKARTX,Trusted Adult Karnes FSC,810 Commerce St,San Antonio,Bexar,TX,78118,San Antonio,28.881926,-97.937495,TAP-ICE,Other/Unknown
TALHOLD,Tallahassee Hold Room,1530 Commonwealth Business Blvd,Tallahassee,Leon,FL,32303,Miami,30.471994,-84.355118,Hold,Hold/Staging
TALLAMS,Tallahatchie Co Corr Facility,415 U.S. Highway 49 North,Tutwiler,Tallahatchie,MS,38963,New Orleans,34.026549,-90.446243,USMS IGA,Federal
TAMHOLD,Tampa Hold Room,1201 Orient Rd,Tampa,Hillsborough,FL,33619,Miami,27.959392,-82.372072,Hold,Hold/Staging
TASTDTX,Trusted Adult South Tex Dilley FSC,300 El Rancho Way,Dilley,Frio,TX,78017,San Antonio,28.657874,-99.200386,TAP-ICE,Other/Unknown
TAYLOFL,Taylor County Jail,589 East US Highway 27,Perry,Taylor,FL,32347,Miami,30.109926,-83.573752,,Non-Dedicated
TAYLOTX,Taylor County Adult Det.,910 South 27th Street,Abilene,Taylor,TX,79602,Dallas,32.416931,-99.734909,IGSA,Non-Dedicated
TAZRJVA,B.R.R.J. Tazewell,115 Court Street,Tazewell,Tazewell,VA,24651,Washington,37.115252,-81.520833,,Non-Dedicated
TBRJLME,Two Bridges Regional Jail,522 Bath Road,Wiscasset,Lincoln,ME,04578,Boston,43.978502,-69.698928,USMS IGA,Federal
TELLECO,Teller County Jail,288 Weaverville Road,Divide,Teller,CO,80814,Denver,38.943044,-105.151294,IGSA,Non-Dedicated
TEMPLCA,Temple Medical,124 North Vignes Street,Los Angeles,Los Angeles,CA,90012,Los Angeles,34.0491,-118.233533,Hospital,Medical
TENSALA,Tensas Parish Det. Cntr.,8606 Hwy 65,Waterproof,Tensas,LA,71375,New Orleans,31.808646,-91.397146,IGSA,Non-Dedicated
TETONWY,Teton County Detention Center,180 S. King Street,Jackson,Teton,WY,83001,Denver,43.477761,-110.760249,USMS IGA,Federal
TFALLID,Twin Falls County Jail,425 Shoshone Street North,Twin Falls,Twin Falls,ID,83301,Salt Lake City,42.559344,-114.466885,IGSA,Non-Dedicated
TFIHOLD,Twin Falls Hold Room,2496 Addison Avenue East,Twin Falls,Twin Falls,ID,83301,Salt Lake City,42.562583,-114.433847,Hold,Hold/Staging
TGKJLFL,Turner Guiford Knight (TGK) Jail,7000 NW 41st St.,Miami,Miami-Dade,FL,33166,Miami,25.810088,-80.311679,IGSA,Non-Dedicated
TGREETX,Tom Green Cty Jail,122 West Harris Avenue,San Angelo,Tom Green,TX,76903,Dallas,31.463498,-100.440183,USMS IGA,Federal
THHEBTX,TX Health Meth Hosp Heb,1600 Hospital Pkwy,Bedford,Tarrant,TX,76022,Dallas,32.834841,-97.123336,Hospital,Medical
THHHBTX,Tex Health Huguley Hosp,11801 South Freeway,Burleson,Johnson,TX,76028,Dallas,32.586731,-97.316894,Hospital,Medical
THPSCTX,THOP Sierra Campus Elp,1625 Medical Center Drive,El Paso,El Paso,TX,79902,El Paso,31.777699,-106.480898,Medical,Medical
TIOGANY,Tioga County Jail,103 Corporate Drive,Owego,Tioga,NY,13827,Buffalo,42.14176,-76.266274,IGSA,Non-Dedicated
TITUSTX,Titus County Jail,304 South Van Buren Avenue,Mt. Pleasant,Titus,TX,75455,Dallas,33.154698,-94.970963,USMS IGA,Federal
TLACYCA,Theo Lacy Facility,501 The City Drive South,Orange,Orange,CA,92868,Los Angeles,33.782567,-117.888228,IGSA,Non-Dedicated
TNWESDF,Western Tennessee Det. Fac.,6299 Finde Naifeh Drive,Mason,Tipton,TN,38049,New Orleans,35.407458,-89.548612,DIGSA,Dedicated
TOOELUT,Tooele County Jail,47 South Main Street,Tooele,Tooele,UT,84074,Salt Lake City,40.531526,-112.299043,USMS IGA,Federal
TOOLEMT,Toole County Jail,235 Deer Lodge Avenue,Shelby,Toole,MT,59474,Salt Lake City,48.507345,-111.855988,IGSA,Non-Dedicated
TOORANM,"Torrance/Estancia, NM",County Road 49,Estancia,Torrance,NM,87016,El Paso,34.678432,-105.969988,IGSA,Non-Dedicated
TORHOLD,Tornillo Adult Hold Room,1400 Lower Island Rd,Tornillo,El Paso,TX,79853,El Paso,31.446432,-106.123398,Hold,Hold/Staging
TRAVITX,Travis County Jail,500 W. 10th St. Austin Texas 78701,Austin,Travis,TX,78701,San Antonio,30.27325,-97.746047,IGSA,Non-Dedicated
TRICOIL,Tri-County Jail,1026 Shawnee College Road,Ullin,Pulaski,IL,62992,Chicago,37.26893,-89.164106,IGSA,Non-Dedicated
TRRMCNJ,Trinitas Regional Med Ctr,225 Williamson Street,Elizabeth,Union,NJ,07207,Newark,40.658724,-74.214777,Hospital,Medical
TRVLIAZ,Traveler's Inn - Phoenix,,Phoenix,Maricopa,AZ,00nan,Phoenix,33.448295,-112.072549,Hotel,Hotel
TUCHOLD,Tucson INS Hold Room,6431 South Country Club Road,Tucson,Pima,AZ,85706,Phoenix,32.135665,-110.924805,Hold,Hold/Staging
TULCOOK,Tulsa County Jail,300 North Denver Avenue,Tulsa,Tulsa,OK,74103,Dallas,36.157776,-95.999119,IGSA,Non-Dedicated
TULHOLD,Tulsa Hold Room,1603 S 101st East Ave,Tulsa,Tulsa,OK,74128,Dallas,36.138773,-95.863141,Hold,Hold/Staging
TVMSATX,Texas Vista Medical Center,7400 Barlite Blvd,San Antonio,Bexar,TX,78224,San Antonio,29.353354,-98.54511,Hospital,Medical
TXAHOLD,Texarkana Holdroom,100 North Stateline Avenue,Texarkana,Miller,AR,71854,Dallas,33.420197,-94.042303,Hold,Hold/Staging
TXHUNTS,Huntsville State P.,Huntsville Unit,Huntsville,Walker,TX,77340,Houston,30.626358,-95.527896,IGSA,Non-Dedicated
UCBPMCA,CBP Movement Coordination Area,,,,,00nan,Unknown,,,CBP,Federal
UCHUHCO,Uchealth Unv Hosp Of Co,12605 E 16th Ave,Aurora,Arapahoe,CO,80045,Denver,39.742119,-104.841496,Hospital,Medical
UCSDHCA,Unv California San Diego Hospital,200 West Arbor Drive,San Diego,San Diego,CA,92103,San Diego,32.754175,-117.165949,Hospital,Medical
UCSDMCA,UC San Diego Medical Center,200 West Arbor Drive,San Diego,San Diego,CA,92103,San Diego,32.75388,-117.16555,Hospital,Medical
UHGMCOH,Univ Hosp Geauga Med Ctr,13207 Ravenna Rd,Chardon,Geauga,OH,44024,Detroit,41.509475,-81.19431,Hospital,Medical
UHOSPIN,Union Hospital,1606 N 7th St,Terre Haute,Vigo,IN,47804,Chicago,39.485316,-87.409986,Hospital,Medical
UINTAWY,Uinta County Jail,77 County Road 109,Evanston,Uinta,WY,82930,Denver,41.269242,-110.921034,USMS IGA,Federal
UINTCUT,Uintah County Jail,204 East 100 North,Vernal,Uintah,UT,84078,Salt Lake City,40.456804,-109.525394,IGSA,Non-Dedicated
UMATCOR,Umatilla Co Jail,4700 Northwest Pioneer Place,Pendleton,Umatilla,OR,97801,Seattle,45.673621,-118.84323,IGSA,Non-Dedicated
UMCEPTX,University Med Center of El Paso,4815 Alameda Avenue,El Paso,El Paso,TX,79905,El Paso,31.771393,-106.434171,Hospital,Medical
UMEMCNY,United Memorial Med Ctr,127 North St,Batavia,Genesee,NY,14020,Buffalo,43.005029,-78.176648,Hospital,Medical
UMIAHFL,University Of Miami Hospital,1400 NW 12th Ave,Miami,Miami-Dade,FL,33136,Miami,25.788815,-80.215908,Hospital,Medical
UNIONNM,Union County Detention Center,200 Court Street,Clayton,Union,NM,88415,El Paso,36.448965,-103.188734,IGSA,Non-Dedicated
UNIONSD,Union County Jail,209 E Main St #250,Elk Point,Union,SD,57025,St. Paul,42.685856,-96.68257,USMS IGA,Federal
UNIVHNJ,University Hospital,150 Bergen Street,Newark,Essex,NJ,07103,Newark,40.7406,-74.189502,Hospital,Medical
UNMHANM,University of New Mexico Hospital,2211 Lomas Blvd NE,Albuquerque,Bernalillo,NM,87106,El Paso,35.088206,-106.618968,Hospital,Medical
UPMCAPA,UPMC Altoona,620 Howard Road,Altoona,Blair,PA,16601,Philadelphia,40.521894,-78.398265,Unknown,Other/Unknown
UPSLHIA,Unity Point Hlth St Lukes Hosp,1026 A Ave NE,Cedar Rapids,Linn,IA,52402,St. Paul,41.985304,-91.660432,Hospital,Medical
UPSTANY,Upstate University Hospital,750 E Adams St # 5142,Syracuse,Onondaga,NY,13210,Buffalo,43.042189,-76.139787,Hospital,Medical
URSLATX,Ursula Centralized Processing Cntr,3700 W Ursula Ave,Mcallen,Hidalgo,TX,78503,Harlingen,26.158422,-98.270225,CBP,Federal
USMS2TX,US Marshals  SDTX,701 N San Jacinto St,Houston,Harris,TX,77002,Houston,29.764855,-95.357828,Unknown,Other/Unknown
USMS3TX,US Marshals  SDTX,"Bentsen Tower, 1701 W Bus Hwy 83",Mcallen,Hidalgo,TX,78501,Harlingen,26.204114,-98.238398,USMS IGA,Federal
USMSDFL,"US Marshals,S.Dist.FL",205 Federal Courthouse Square,Miami,Miami-Dade,FL,33128,Miami,25.777951,-80.194698,USMS IGA,Federal
USMSDMS,"US Marshals, S.Dist, MS",504 East Court Street,Jackson,Hinds,MS,39201,New Orleans,32.295487,-90.182372,USMS IGA,Federal
USMVT,"US Marshal's, Vermont",,,,VT,00nan,Boston,44.558803,-72.577842,USMS IGA,Federal
USMWDLA,"US Marshals, W.D. LA.",300 Fanin St. #1202,Shreveport,Caddo Parish,LA,71101,New Orleans,32.500867,-93.755992,USMS IGA,Federal
UTAHCUT,Utah County Jail,3075 North Main Street,Spanish Fork,Utah,UT,84660,Salt Lake City,40.149225,-111.659024,IGSA,Non-Dedicated
UVALDTX,Uvalde County Jail,399 East Nopal,Uvalde,Uvalde,TX,78801,San Antonio,29.211161,-99.785534,Unknown,Other/Unknown
UVHSATX,University Hospital,4502 Medical Drive,San Antonio,Bexar,TX,78229,San Antonio,29.508006,-98.577989,Hospital,Medical
VALJUTX,Val Verde County Juvenile,200 Griner,Del Rio,Val Verde,TX,78840,San Antonio,29.361302,-100.902524,Juvenile,Family/Youth
VALVETX,Val Verde Detention Center,253 Farm To Market 2523,Del Rio,Val Verde,TX,78840,San Antonio,29.37319,-100.847867,USMS IGA,Federal
VBHOSTX,Valley Baptist Hospital,2101 Pease St,Harlingen,Cameron,TX,78550,Harlingen,26.174352,-97.670151,Hospital,Medical
VENHOLD,Ventura Custody Case,275 Skyway Drive,Camarrillo,Ventura,CA,93010,Los Angeles,34.206359,-119.077254,Hold,Hold/Staging
VENTUCA,Ventura County Jail,800 South Victoria Avenue,Ventura,Ventura,CA,93009,Los Angeles,34.26789,-119.210546,USMS IGA,Federal
VICTOTX,Victoria County Jail,101 North Glass Street,Victoria,Victoria,TX,77901,Houston,28.800291,-97.008605,USMS IGA,Federal
VIRBEVA,Virginia Beach,2501 James Madison Boulevard,Virginia Beach,Virginia Beach City,VA,23456,Washington,36.753267,-76.062038,IGSA,Non-Dedicated
VISTACA,Vista Detention Facility,Vista County Jail,Vista,San Diego,CA,92083,San Diego,33.192116,-117.256493,IGSA,Non-Dedicated
VNBRNMI,Van Buren Township PD,46425 Tyler Road,Belleville,Wayne,MI,48111,Detroit,42.232314,-83.494357,IGSA,Non-Dedicated
VPREGVA,Virginia Peninsula Reg. Jail,9320 Merrimac Trail,Williamsburg,James City,VA,23185,Washington,37.216156,-76.602619,USMS IGA,Federal
VRK,Varick Street SPC,201 Varick Street,New York,New York,NY,10014,New York,40.728275,-74.005566,Hold,Hold/Staging
VTCHTDN,Chittenden Reg. Cor. Facility,7 Farrell Street,South Burlington,Chittenden,VT,05403,Boston,44.446405,-73.20544,IGSA,Non-Dedicated
VTDCORR,VT. Dept. Of Corrections,103 South Main Street,Waterbury,Washington,VT,05676,Boston,44.331244,-72.75546,IGSA,Non-Dedicated
VTSTALB,Northwest State Correctional Ctr.,3649 Lower Newton Road,Swanton,Franklin,VT,05488,Boston,44.850066,-73.132839,USMS IGA,Federal
VVGMCCA,Victor Valley Global Med Center,15248 Eleventh Street,Victorville,San Bernardino,CA,92395,Los Angeles,34.528016,-117.293304,Hospital,Medical
VVSHOLD,Shreveport Hold Room,"400 Texas Street, Suite 900",Shreveport,Caddo Parish,LA,71101,New Orleans,32.513622,-93.749241,Hold,Hold/Staging
VWHMCAZ,Valleywise Health Med Ctr,2601 E Roosevelt St,Phoenix,Maricopa,AZ,85008,Phoenix,33.45741,-112.026026,Hospital,Medical
WACLATX,Central Texas Detention Facility,218 S. Laredo St,San Antonio,Bexar,TX,78207,San Antonio,29.423414,-98.497077,USMS IGA,Federal
WAJAIMN,Washington County Jail,14900 North 612 Street,Stillwater,Washington,MN,55082,St. Paul,45.056467,-92.81729,USMS IGA,Federal
WAKECNC,Wake County Sheriff Dept.,330 South Salisbury Street,Raleigh,Wake,NC,27601,Atlanta,35.776074,-78.640619,IGSA,Non-Dedicated
WAKULFL,Wakulla County Jail,15 Oak Street,Crawfordville,Wakulla,FL,32327,Miami,30.196742,-84.377106,IGSA,Non-Dedicated
WALSHND,Walsh County Jail,638 Cooper Avenue,Grafton,Walsh,ND,58237,St. Paul,48.41776,-97.404602,IGSA,Non-Dedicated
WALTNFL,Walton County D.O.C.,691 Institution Rd.,Defuniak Springs,Walton,FL,32433,Miami,30.77862,-86.102646,Unknown,Other/Unknown
WALWOWI,Walworth County Jail,1770 County Road Nn,Elkhorn,Walworth,WI,53121,Chicago,42.6635,-88.499664,IGSA,Non-Dedicated
WARCOTX,"Ward Cty Jail, Monahans",300 East 4th,Monahans,Ward,TX,79756,El Paso,31.592129,-102.889417,USMS IGA,Federal
WARDCND,Ward County Jail,315 3rd St SE,Minot,Ward,ND,58701,St. Paul,48.233001,-101.287295,USMS IGA,Federal
WASATUT,Wasatch County Jail,1361 South United States Highway 40,Heber,Wasatch,UT,84032,Salt Lake City,40.49049,-111.409237,IGSA,Non-Dedicated
WASCONY,Washington County Jail,339 Broadway,Fort Edward,Washington,NY,12865,Buffalo,43.28926,-73.589052,USMS IGA,Federal
WASHAWY,Washakie County Jail,100 North 10th Street,Worland,Washakie,WY,82401,Denver,44.017637,-107.955146,IGSA,Non-Dedicated
WASHCID,Washington County Jail,262 E Court Street,Weiser,Washington,ID,83672,Salt Lake City,44.247448,-116.965732,,Non-Dedicated
WASHCUT,Washington County Jail,750 South 5400 West,Hurricane,Washington,UT,84737,Salt Lake City,37.15638,-113.409748,USMS IGA,Federal
WASHIAR,Washington County Jail,1155 West Clydesdale Drive,Fayetteville,Washington,AR,72701,New Orleans,36.033433,-94.177201,USMS IGA,Federal
WASHICO,Washington County Jail,26861 United States Highway 34,Akron,Washington,CO,80720,Denver,40.157293,-103.192837,USMS IGA,Federal
WASHIMD,Washington Co. Detention,500 Western Maryland Parkway,Hagerstown,Washington,MD,21740,Baltimore,39.639476,-77.761837,,Non-Dedicated
WASHIME,Washington County Jail,83 Court Street,Machias,Washington,ME,04654,Boston,44.71624,-67.459376,IGSA,Non-Dedicated
WASHOLD,Washington Field Office,2675 Prosperity Avenue,Fairfax,Fairfax,VA,22031,Washington,38.880849,-77.232515,Hold,Hold/Staging
WASHONV,Washoe County Jail,911 Parr Boulevard,Reno,Washoe,NV,89512,Salt Lake City,39.571183,-119.811114,USMS IGA,Federal
WASHTMI,"Washtenaw Co, An Arbor,MI",2201 Hogback Road,Ann Arbor,Washtenaw,MI,48105,Detroit,42.255693,-83.679012,Juvenile,Family/Youth
WAUKEWI,Waukesha County Jail,515 West Moreland,Waukesha,Waukesha,WI,53186,Chicago,43.022195,-88.229971,USMS IGA,Federal
WAYNEMI,"Wayne County, Detroit",3501 Hamtramck Drive,Detroit,Wayne,MI,48211,Detroit,42.389017,-83.042913,IGSA,Non-Dedicated
WAYNENY,Wayne County Jail,7368 State Route 31,Lyons,Wayne,NY,14489,Buffalo,43.066924,-77.031968,USMS IGA,Federal
WBATOLA,West Baton Rouge Det Ctr,1150 Northwest Drive,Port Allen,West Baton Rouge,LA,70767,New Orleans,30.450191,-91.205108,IGSA,Non-Dedicated
WCCBXTX,Bexar County Wackenhut Annual Det.,1211 West Travis Street,San Antonio,Bexar,TX,78207,San Antonio,29.429156,-98.50783,USMS IGA,Federal
WCCPBFL,Broward Transitional Center,3900 North Powerline Road,Pompano Beach,Broward,FL,33073,Miami,26.277248,-80.151015,CDF,Dedicated
WCCSDCA,Wackenhut Corrections Corp,Western Reg Det Fac 220 West C St,San Diego,San Diego,CA,92101,San Diego,32.716857,-117.165158,IGSA,Non-Dedicated
WCRDFTX,Willacy Co  Regional Detn Facil,1601 Buffalo Drive,Raymondville,Willacy,TX,78580,Harlingen,26.470892,-97.758336,USMS IGA,Federal
WCTHOLD,Waco DRO Hold Room,800 Franklin Avenue,Waco,Mclennan,TX,76701,Houston,31.553234,-97.133465,Hold,Hold/Staging
WEBCOTX,Webb County Jail,9998 South Highway 83,Laredo,Webb,TX,78046,Harlingen,27.508082,-99.505983,DIGSA,Dedicated
WEBDCTX,Webb County Detention Center (CCA),9998 South Highway 83,Laredo,Webb,TX,78046,Harlingen,27.369819,-99.490214,DIGSA,Dedicated
WEBERUT,Weber County Jail,721 West 12Th Street,Ogden,Weber,UT,84404,Salt Lake City,41.24021,-111.993421,USMS IGA,Federal
WESHOLD,Westminster Custody,8200 Westminster Boulevard,Westminster,Orange,CA,92683,Los Angeles,33.758267,-117.986768,Hold,Hold/Staging
WHITFGA,Whitfield County Jail,805 Professional Blvd,Dalton,Whitfield,GA,30720,Atlanta,34.793739,-84.979935,IGSA,Non-Dedicated
WICHOLD,Wichita Holdroom,217 W 3rd St. North,Wichita,Sedgwick,KS,67201,Chicago,37.69125,-97.339639,Hold,Hold/Staging
WICHTTX,Wichita County Jail,2815 Central E Fwy,Wichita Falls,Wichita,TX,76302,Dallas,33.884071,-98.439543,,Non-Dedicated
WIDODGE,"Dodge Corr Institute, Wau",1 West Lincoln Street,Waupun,Dodge,WI,53963,Chicago,43.62421,-88.73969,IGSA,Non-Dedicated
WILLCTX,Willacy County Detention Center,1800 Industrial Drive,Raymondville,Willacy,TX,78580,Harlingen,26.469975,-97.762566,DIGSA,Dedicated
WILLITN,Williamson County Jail,408 Century Court,Franklin,Williamson,TN,37064,New Orleans,35.899901,-86.885006,IGSA,Non-Dedicated
WILLITX,Williamson County Jail,306 West 4th Street,Georgetown,Williamson,TX,78626,San Antonio,30.639395,-97.679399,IGSA,Non-Dedicated
WILSOTX,Wilson County Jail,800 10th St Unit 4,Floresville,Wilson,TX,78114,San Antonio,29.148139,-98.157677,,Non-Dedicated
WINCOTX,Winkler County Jail,1300 South Bellaire Street,Kermit,Winkler,TX,79745,El Paso,31.841415,-103.08897,IGSA,Non-Dedicated
WINWYAZ,Wingate Wyndham Casa Esperanza,,Yuma,Yuma,AZ,00nan,Phoenix,32.695988,-114.603791,Family Staging,Family/Youth
WKBHMFL,West Kendall Baptist Hosp,9555 SW 162 Court,Miami,Miami-Dade,FL,33196,Miami,25.678381,-80.455652,Hospital,Medical
WLTSOFL,Walton County Jail,40 Sheriff Cir,Defuniak Springs,Walton,FL,32433,Miami,30.783,-86.104445,USMS IGA,Federal
WMDBHFL,West Miami Dade Bapt Health Emerg,14150 SW 136th St,Miami,Miami-Dade,FL,33186,Miami,25.640109,-80.422425,Hospital,Medical
WMHOSCA,White Memorial Hospital,1720 E Cesar Chavez,Los Angeles,Los Angeles,CA,90033,Los Angeles,34.049292,-118.217684,Hospital,Medical
WMLNDPA,Westmoreland County Jail,2 North Main Street,Greensburg,Westmoreland,PA,15601,Philadelphia,40.302672,-79.544714,IGSA,Non-Dedicated
WNBGOWI,Winnebago County Sheriff,4300 Sherman Rd,Winnebago,Winnebago,WI,54985,Chicago,44.079706,-88.514213,,Non-Dedicated
WNTHOLD,Wenatchee Hold Room,,Yakima,Yakima,WA,00nan,Seattle,47.42346,-120.310349,Hold,Hold/Staging
WOAKSTX,West Oaks Hospital,3814 University Boulevard,Houston,Harris,TX,77005,Houston,29.714994,-95.438395,Hospital,Medical
WOODBIA,Woodbury County Jail,407 7th Street,Sioux City,Woodbury,IA,51101,St. Paul,42.497785,-96.406008,USMS IGA,Federal
WOODFKY,Woodford County Sheriff/Jail,204 Beasley Drive,Versailles,Woodford,KY,40383,Chicago,38.052688,-84.730638,,Non-Dedicated
WORCEMD,Worcester Co. Jail,5022 Joyner Road,Snow Hill,Worcester,MD,21863,Baltimore,38.170072,-75.375831,IGSA,Non-Dedicated
WPOHOLD,Williamsport Hold Room,2851 S Reach Road,Williamsport,Lycoming,PA,17701,Philadelphia,41.223865,-77.070927,Hold,Hold/Staging
WRMEDWI,Watertown Regional Medical Center,125 Hospital Dr,Watertown,Dodge,WI,53098,Chicago,43.200151,-88.696599,Hospital,Medical
WSTMCCA,Western Medical Center,1001 N. Tustin Avenue,Santa Ana,Orange,CA,92705,Los Angeles,33.753868,-117.833074,Hospital,Medical
WTREGVA,Western Tidewater Reg. Jail,2402 Godwin Boulevard,Suffolk,Suffolk City,VA,23434,Washington,36.764716,-76.582142,USMS IGA,Federal
WTXDFTX,West Texas Detention Facility,401 S. Vaquero Ave.,Sierra Blanca,Hudspeth,TX,79851,El Paso,31.166414,-105.351963,USMS IGA,Federal
WVEASTR,Eastern Regional Jail,1406 Charles Town Road,Martinsburg,Berkeley,WV,25401,Philadelphia,39.435942,-77.95637,USMS IGA,Federal
WVIRGVA,Western Virginia Regional Jail,5885 W River Rd,Salem,Salem City,VA,24153,Washington,37.250633,-80.170164,USMS IGA,Federal
WVNCENT,North Central Regional Jail,#1 Lois Lane,Greenwood,Doddridge,WV,26415,Philadelphia,39.280893,-80.853054,IGSA,Non-Dedicated
WVNORTH,Northern Regional Jail,Rd #2,Moundsville,Marshall,WV,26041,Philadelphia,39.907927,-80.730619,USMS IGA,Federal
WVPTMAC,Potomac Highlands Regional Jail,355 Dolan Drive,Augusta,Hampshire,WV,26704,Philadelphia,39.30206,-78.647179,,Non-Dedicated
WVREGWV,WV Regional Jail & Corr.,409 Virginia Street East,Charleston,Kanawha,WV,25301,Philadelphia,38.351171,-81.638845,IGSA,Non-Dedicated
WVSCENT,South Central Regional Jail,1001 Centre Way,Charleston,Kanawha,WV,25309,Philadelphia,38.310998,-81.710229,USMS IGA,Federal
WVSOUTH,Southern Regional Jail,1200 Airport Rd,Beaver,Raleigh,WV,25813,Philadelphia,37.770922,-81.116021,,Non-Dedicated
WVSWEST,Southwestern Regional Jail,13 Gaston Capterton Dr.,Holden,Logan,WV,25625,Philadelphia,37.805946,-82.095789,IGSA,Non-Dedicated
WVWESTR,Western Regional Jail,Ohanlon Pl,Barboursville,Cabell,WV,25504,Philadelphia,38.418674,-82.29314,,Non-Dedicated
WWDHDNH,Wentworth Douglas Hospital,789 Central Avenue,Dover,Strafford,NH,03820,Boston,43.213232,-70.87424,Hospital,Medical
WYATTRI,Wyatt Detention Center,950 High Street,Central Falls,Providence,RI,02863,Boston,41.892464,-71.383959,USMS IGA,Federal
WYMCONY,Wyoming County Jail,151 North Main Street,Warsaw,Wyoming,NY,14569,Buffalo,42.743835,-78.133073,IGSA,Non-Dedicated
YAKHOLD,Yakima Sub-Office,3701 River Road,Yakima,Yakima,WA,98902,Seattle,46.618334,-120.559359,Hold,Hold/Staging
YANCOSD,Yankton Co. Jail SD,410 Walnut Street,Yankton,Yankton,SD,57078,St. Paul,42.871933,-97.393529,USMS IGA,Federal
YATESNY,Yates County Jail,227 Main Street,Penn Yan,Yates,NY,14527,Buffalo,42.665738,-77.055325,IGSA,Non-Dedicated
YAVAPAZ,Yavapai County Jail,255 East Gurley Street,Prescott,Yavapai,AZ,86301,Phoenix,34.541383,-112.466488,IGSA,Non-Dedicated
YAVCVAZ,Yavapai County Detention Center,2830 Commonwealth Dr #105,Camp Verde,Yavapai,AZ,86322,Phoenix,34.610803,-111.918249,IGSA,Non-Dedicated
YELLOMT,Yellowstone County Jail,3165 King Avenue East,Billings,Yellowstone,MT,59101,Salt Lake City,45.755893,-108.500762,USMS IGA,Federal
YIKIMWA,Yakima County,111 North Front Street,Yakima,Yakima,WA,98901,Seattle,46.604194,-120.508005,USMS IGA,Federal
YORCOPA,"York County Jail, PA",3400 Concord Road,York,York,PA,17402,Philadelphia,39.986526,-76.660902,IGSA,Non-Dedicated
YORCOSC,York County Detention Center,1675-3A York Hwy,York,York,SC,29745,Atlanta,34.982409,-81.200228,USMS IGA,Federal
YORKCME,York County Jail,1 Layman Way,Alfred,York,ME,04002,Boston,43.453516,-70.717581,IGSA,Non-Dedicated
YRKHOLD,York Hold Room,,York,York,PA,00nan,Philadelphia,39.961066,-76.72696,Hold,Hold/Staging
YRMDCAZ,Yuma Regional Med Ctr,2400 S Avenue A,Yuma,Yuma,AZ,85364,Phoenix,32.682949,-114.635879,Hospital,Medical
YUBAJCA,Yuba County Jail,215 5th Street,Marysville,Yuba,CA,95901,San Francisco,39.141106,-121.587307,IGSA,Non-Dedicated
YUMHOLD,Yuma Holdroom,3911 S. Pico Ave.,Yuma,Yuma,AZ,85365,Phoenix,32.656532,-114.611787,Hold,Hold/Staging
ZAVCOTX,Zavala County Jail,200 E Uvalde Street #5,Crystal City,Zavala,TX,78839,San Antonio,28.67952,-99.826977,IGSA,Non-Dedicated
